-- phpMyAdmin SQL Dump
-- version 5.2.1
-- https://www.phpmyadmin.net/
--
-- Servidor: localhost:3306
-- Tiempo de generación: 25-06-2024 a las 19:44:01
-- Versión del servidor: 8.0.30
-- Versión de PHP: 8.1.10

SET SQL_MODE = "NO_AUTO_VALUE_ON_ZERO";
START TRANSACTION;
SET time_zone = "+00:00";


/*!40101 SET @OLD_CHARACTER_SET_CLIENT=@@CHARACTER_SET_CLIENT */;
/*!40101 SET @OLD_CHARACTER_SET_RESULTS=@@CHARACTER_SET_RESULTS */;
/*!40101 SET @OLD_COLLATION_CONNECTION=@@COLLATION_CONNECTION */;
/*!40101 SET NAMES utf8mb4 */;

--
-- Base de datos: `interes`
--

-- --------------------------------------------------------

--
-- Estructura de tabla para la tabla `tapoyo`
--

CREATE TABLE `tapoyo` (
  `codi_tapo_tap` int DEFAULT NULL,
  `apoy_tapo_tap` varchar(20) DEFAULT NULL
) ENGINE=InnoDB DEFAULT CHARSET=utf8mb3;

--
-- Volcado de datos para la tabla `tapoyo`
--

INSERT INTO `tapoyo` (`codi_tapo_tap`, `apoy_tapo_tap`) VALUES
(1, 'EQUIPAMIENTO'),
(2, 'CAPACITACION'),
(3, 'MISION EXPERTOS');

-- --------------------------------------------------------

--
-- Estructura de tabla para la tabla `tbecario`
--

CREATE TABLE `tbecario` (
  `codi_beca_tbe` int NOT NULL,
  `codi_naci_tna` int DEFAULT NULL,
  `nomb_beca_tbe` varchar(50) DEFAULT NULL,
  `apat_beca_tbe` varchar(50) DEFAULT NULL,
  `amat_beca_tbe` varchar(50) DEFAULT NULL,
  `correo_beca_tbe` varchar(250) DEFAULT NULL,
  `movil_beca_tbe` char(15) DEFAULT NULL,
  `nomb_via_tbe` char(50) DEFAULT NULL,
  `fech_naci_tbe` date NOT NULL,
  `codi_depa_dpt` int DEFAULT NULL,
  `codi_prov_tpr` int DEFAULT NULL,
  `cod_even_eve` int DEFAULT NULL,
  `codi_proy_tpr` int DEFAULT NULL,
  `codi_sede_sed` int DEFAULT NULL,
  `nomb_tciu_tci` varchar(5) DEFAULT NULL,
  `codi_docu_doc` int NOT NULL,
  `nomb_inst_tbe` varchar(100) NOT NULL,
  `codi_dist_dis` int DEFAULT NULL,
  `codi_pais_pais` int NOT NULL,
  `codi_beca_tbs` int DEFAULT NULL,
  `codi_tciu_tci` int DEFAULT NULL,
  `codi_part_eve` int DEFAULT NULL,
  `codi_tipo_ttp` int DEFAULT NULL
) ENGINE=InnoDB DEFAULT CHARSET=utf8mb3;

--
-- Volcado de datos para la tabla `tbecario`
--

INSERT INTO `tbecario` (`codi_beca_tbe`, `codi_naci_tna`, `nomb_beca_tbe`, `apat_beca_tbe`, `amat_beca_tbe`, `correo_beca_tbe`, `movil_beca_tbe`, `nomb_via_tbe`, `fech_naci_tbe`, `codi_depa_dpt`, `codi_prov_tpr`, `cod_even_eve`, `codi_proy_tpr`, `codi_sede_sed`, `nomb_tciu_tci`, `codi_docu_doc`, `nomb_inst_tbe`, `codi_dist_dis`, `codi_pais_pais`, `codi_beca_tbs`, `codi_tciu_tci`, `codi_part_eve`, `codi_tipo_ttp`) VALUES
(10, 1, 'victor', 'ferreyra', 'cruz', 'vega_85_1112@gmail.com', '255548778', NULL, '1988-02-15', NULL, NULL, NULL, 20, 2, NULL, 2, 'UNI', NULL, 4006, NULL, NULL, 12, 3),
(11, 1, 'RODOLFO', 'MORENO', 'LOPEZ', 'vega_85_12@gmail.com', '931852973', NULL, '1995-02-14', NULL, NULL, NULL, 15, 1, NULL, 1, 'UNI', NULL, 3003, NULL, NULL, 15, 2),
(12, 1, 'juan carlos', 'vega', 'arellano', 'vega_85_mario@gmail.com', '95959595', NULL, '2023-11-30', NULL, NULL, NULL, 18, 2, NULL, 2, 'VILLA REAL', NULL, 3013, NULL, NULL, 2, 1),
(15, 1, 'juan carlos', 'vega', 'arellano', 'vega_85_12@gmail.com', '931852973', NULL, '1996-02-14', NULL, NULL, NULL, 20, 2, NULL, 1, 'SAN MARCOS', NULL, 4028, NULL, NULL, 15, 3),
(16, 1, 'juan carlos', 'MONTERO', 'LOPEZ', 'LOPEZ@GMAIL.COM', '931852973', NULL, '1996-01-16', NULL, NULL, NULL, 21, 2, NULL, 2, 'SAN MARCOS', NULL, 4028, NULL, NULL, 9, 1),
(17, 2, 'nilton', 'porres', 'chavez', 'chavez11111@gmail.com', '998522354', NULL, '1991-07-10', NULL, NULL, NULL, 15, 3, NULL, 3, 'VILLA REAL', NULL, 4036, NULL, NULL, 4, 3);

-- --------------------------------------------------------

--
-- Estructura de tabla para la tabla `tbecas`
--

CREATE TABLE `tbecas` (
  `codi_tbec_tbe` int NOT NULL,
  `nomb_tbec_tbe` varchar(100) NOT NULL,
  `desc_tbec_tbe` varchar(500) NOT NULL
) ENGINE=InnoDB DEFAULT CHARSET=utf8mb3;

--
-- Volcado de datos para la tabla `tbecas`
--

INSERT INTO `tbecas` (`codi_tbec_tbe`, `nomb_tbec_tbe`, `desc_tbec_tbe`) VALUES
(1, 'nombre_beca', 'descripcion_beca'),
(2, 'ertert', 'ertert'),
(3, 'PRUEBA TEIN', 'PRUEBA TEIN HUARANGAL'),
(4, 'nueva beca', 'ingresar la nueva beca'),
(5, 'aaaaaaaaaaaaaaaaaaaa', 'aaaaaaaaaaaaaaaaaaaaaa');

-- --------------------------------------------------------

--
-- Estructura de tabla para la tabla `tcandidatura`
--

CREATE TABLE `tcandidatura` (
  `codi_tcan_tca` int NOT NULL,
  `titu_tcan_tca` varchar(500) NOT NULL,
  `codi_pais_pais` int NOT NULL,
  `codi_dist_dis` int NOT NULL,
  `codi_depa_dpt` int NOT NULL,
  `ciud_pais_tca` varchar(100) NOT NULL,
  `fech_ini_tca` date NOT NULL,
  `fech_fin_tca` date NOT NULL
) ENGINE=InnoDB DEFAULT CHARSET=utf8mb3;

-- --------------------------------------------------------

--
-- Estructura de tabla para la tabla `tciudades`
--

CREATE TABLE `tciudades` (
  `codi_tciu_tci` int NOT NULL,
  `nomb_tciu_tci` varchar(250) NOT NULL
) ENGINE=InnoDB DEFAULT CHARSET=utf8mb3;

-- --------------------------------------------------------

--
-- Estructura de tabla para la tabla `tcontratos`
--

CREATE TABLE `tcontratos` (
  `codi_cont_tco` int NOT NULL,
  `nomb_cont_tco` varchar(50) NOT NULL,
  `apat_cont_tco` varchar(50) NOT NULL,
  `amat_cont_tco` varchar(50) NOT NULL,
  `correo_cont_tco` varchar(250) NOT NULL,
  `movil_cont_tco` char(15) NOT NULL,
  `nomb_via_tco` varchar(50) NOT NULL,
  `dire_cont_tco` varchar(250) NOT NULL,
  `peri_cont_tco` char(10) NOT NULL,
  `info_cont_tco` varchar(250) NOT NULL,
  `fech_ini_tco` date NOT NULL,
  `fech_fin_tco` date NOT NULL,
  `desc_cont_tco` varchar(500) NOT NULL,
  `cod_sede_sed` int NOT NULL,
  `codi_pais_pais` int NOT NULL,
  `codi_docu_doc` int NOT NULL,
  `codi_proy_pro` int NOT NULL,
  `codi_even_eve` int NOT NULL
) ENGINE=InnoDB DEFAULT CHARSET=utf8mb3;

-- --------------------------------------------------------

--
-- Estructura de tabla para la tabla `tcurso`
--

CREATE TABLE `tcurso` (
  `codi_curs_tcu` int NOT NULL,
  `nomb_curs_tcu` varchar(250) NOT NULL,
  `titulo_curs_tcu` varchar(500) NOT NULL,
  `lugar_curs_tcu` varchar(500) NOT NULL,
  `fech_ini_tcu` date NOT NULL,
  `fech_fin_tcu` date NOT NULL
) ENGINE=InnoDB DEFAULT CHARSET=utf8mb3;

-- --------------------------------------------------------

--
-- Estructura de tabla para la tabla `tdepartamento`
--

CREATE TABLE `tdepartamento` (
  `codi_depa_dpt` int NOT NULL,
  `nomb_depa_dpt` varchar(50) NOT NULL,
  `valo_desp_dpt` char(4) NOT NULL
) ENGINE=InnoDB DEFAULT CHARSET=utf8mb3;

--
-- Volcado de datos para la tabla `tdepartamento`
--

INSERT INTO `tdepartamento` (`codi_depa_dpt`, `nomb_depa_dpt`, `valo_desp_dpt`) VALUES
(1, 'AMAZONAS                 ', '5'),
(2, 'ANCASH                   ', '5'),
(3, 'APURIMAC                 ', '5'),
(4, 'AREQUIPA                 ', '5'),
(5, 'AYACUCHO                 ', '5'),
(6, 'CAJAMARCA                ', '5'),
(7, 'PROV. CONSTICIONAL CALLAO', '5'),
(8, 'CUSCO                    ', '8'),
(9, 'HUANCAVELICA             ', '5'),
(10, 'HUANUCO                  ', '5'),
(11, 'ICA                      ', '5'),
(12, 'JUNIN                    ', '5'),
(13, 'LA LIBERTAD              ', '5'),
(14, 'LAMBAYEQUE               ', '5'),
(15, 'LIMA                     ', '8'),
(16, 'LORETO                   ', '8'),
(17, 'MADRE DE DIOS            ', '5'),
(18, 'MOQUEGUA                 ', '5'),
(19, 'PASCO                    ', '5'),
(20, 'PIURA                    ', '5'),
(21, 'PUNO                     ', '5'),
(22, 'SAN MARTIN               ', '5'),
(23, 'TACNA                    ', '5'),
(24, 'TUMBES                   ', '5'),
(25, 'UCAYALI                  ', '5'),
(99, 'EXTRANJERO               ', '5');

-- --------------------------------------------------------

--
-- Estructura de tabla para la tabla `tdistrito`
--

CREATE TABLE `tdistrito` (
  `codi_dist_dis` int NOT NULL,
  `codi_prov_pro` int NOT NULL,
  `codi_depa_dep` int NOT NULL,
  `nomb_dist_dis` varchar(250) NOT NULL
) ENGINE=InnoDB DEFAULT CHARSET=utf8mb3;

--
-- Volcado de datos para la tabla `tdistrito`
--

INSERT INTO `tdistrito` (`codi_dist_dis`, `codi_prov_pro`, `codi_depa_dep`, `nomb_dist_dis`) VALUES
(12, 6, 2, 'ACO                                     '),
(12, 6, 3, 'ANDAMARCA                               '),
(12, 6, 4, 'COMAS                                   '),
(12, 6, 5, 'CHAMBARA                                '),
(12, 6, 6, 'MATAHUASI                               '),
(12, 6, 7, 'MITO                                    '),
(12, 6, 8, 'ORCOTUNA                                '),
(12, 6, 9, 'STA. ROSA DE OCOPA                      '),
(12, 6, 10, 'MANZANARES                              '),
(12, 6, 11, 'COCHAS                                  '),
(12, 6, 12, 'SAN JOSE DE QUERO                       '),
(12, 6, 13, 'HEROINAS TOLEDO                         '),
(12, 6, 14, 'MARISCAL CASTILLA                       '),
(12, 6, 15, 'NUEVE DE JULIO                          '),
(12, 7, 1, 'SATIPO                                  '),
(12, 7, 2, 'COVIRIALI                               '),
(12, 7, 3, 'LLAYLLA                                 '),
(12, 7, 4, 'MAZAMARI                                '),
(12, 7, 5, 'PAMPA HERMOSA                           '),
(12, 7, 6, 'PANGOA                                  '),
(12, 7, 7, 'RIO NEGRO                               '),
(12, 7, 8, 'RIO TAMBO                               '),
(12, 8, 1, 'CHANCHAMAYO                             '),
(12, 8, 2, 'PICHANAQUI                              '),
(12, 8, 3, 'SAN LUIS DE SHUARO                      '),
(12, 8, 4, 'SAN RAMON                               '),
(12, 8, 5, 'VITOC                                   '),
(12, 8, 6, 'PERENE                                  '),
(13, 1, 1, 'TRUJILLO                                '),
(13, 1, 6, 'HUANCHACO                               '),
(13, 1, 8, 'MOCHE                                   '),
(13, 1, 11, 'SALAVERRY                               '),
(13, 1, 13, 'SIMBAL                                  '),
(13, 1, 14, 'VIRU                                    '),
(13, 1, 15, 'VICTOR LARCO HERRERA                    '),
(13, 1, 16, 'LAREDO                                  '),
(13, 1, 17, 'POROTO                                  '),
(13, 1, 18, 'EL PORVENIR                             '),
(13, 1, 19, 'LA ESPERANZA                            '),
(13, 1, 20, 'FLORENCIA DE MORA                       '),
(13, 2, 1, 'BOLIVAR                                 '),
(13, 2, 2, 'BAMBAMARCA                              '),
(13, 2, 3, 'CONDORMARCA                             '),
(13, 2, 4, 'LONGOTEA                                '),
(13, 2, 5, 'UCUNCHA                                 '),
(13, 2, 6, 'UCHUMARCA                               '),
(13, 3, 1, 'HUAMACHUCO                              '),
(13, 3, 2, 'COCHORCO                                '),
(13, 3, 3, 'CURGOS                                  '),
(13, 3, 4, 'CHUGAY                                  '),
(13, 3, 5, 'MARCABAL                                '),
(13, 3, 6, 'SANAGORAN                               '),
(13, 3, 7, 'SARIN                                   '),
(13, 3, 8, 'SARTIMBAMBA                             '),
(13, 4, 1, 'OTUZCO                                  '),
(13, 4, 2, 'AGALLPAMPA                              '),
(13, 4, 3, 'CHARAT                                  '),
(13, 4, 4, 'HUARANCHAL                              '),
(13, 4, 5, 'LA CUESTA                               '),
(13, 4, 6, 'LUCMA                                   '),
(13, 4, 7, 'MARMOT                                  '),
(13, 4, 8, 'SALPO                                   '),
(13, 4, 9, 'SINSICAP                                '),
(13, 4, 10, 'USQUIL                                  '),
(13, 4, 11, 'PARANDAY                                '),
(13, 4, 13, 'MACHE                                   '),
(13, 5, 1, 'SAN PEDRO DE LLOC                       '),
(13, 5, 3, 'GUADALUPE                               '),
(13, 5, 4, 'JEQUETEPEQUE                            '),
(13, 5, 6, 'PACASMAYO                               '),
(13, 5, 8, 'SAN JOSE                                '),
(13, 6, 1, 'TAYABAMBA                               '),
(13, 6, 2, 'BULDIBUYO                               '),
(13, 6, 3, 'CHILLIA                                 '),
(13, 6, 4, 'HUANCASPATA                             '),
(13, 6, 5, 'HUAYLILLAS                              '),
(13, 6, 6, 'HUAYO                                   '),
(13, 6, 7, 'ONGON                                   '),
(13, 6, 8, 'PARCOY                                  '),
(13, 6, 9, 'PATAZ                                   '),
(13, 6, 10, 'TAURIJA                                 '),
(13, 6, 11, 'PIAS                                    '),
(13, 6, 12, 'URPAY                                   '),
(13, 6, 13, 'SANTIAGO DE CHALLAS                     '),
(13, 7, 1, 'SANTIAGO DE CHUCO                       '),
(13, 7, 2, 'CACHICADAN                              '),
(13, 7, 3, 'MOLLEBAMBA                              '),
(13, 7, 4, 'MOLLEPATA                               '),
(13, 7, 5, 'QUIRUVILCA                              '),
(13, 7, 6, 'SITABAMBA                               '),
(13, 7, 7, 'STA. CRUZ DE CHUCA                      '),
(13, 7, 8, 'ANGASMARCA                              '),
(13, 8, 1, 'ASCOPE                                  '),
(13, 8, 2, 'CHICAMA                                 '),
(13, 8, 3, 'CHOCOPE                                 '),
(13, 8, 4, 'MAGDALENA DE CAO                        '),
(13, 8, 5, 'PAIJAN                                  '),
(13, 8, 6, 'RAZURI                                  '),
(13, 8, 7, 'SANTIAGO DE CAO                         '),
(13, 9, 1, 'CHEPEN                                  '),
(13, 9, 2, 'PACANGA                                 '),
(13, 9, 3, 'PUEBLO NUEVO                            '),
(13, 10, 1, 'SANAGORAN                               '),
(14, 1, 1, 'CHICLAYO                                '),
(14, 1, 2, 'CHONGOYAPE                              '),
(14, 1, 3, 'ETEN PUERTO                             '),
(14, 1, 4, 'ETEN                                    '),
(14, 1, 5, 'LAGUNAS                                 '),
(14, 1, 6, 'MONSEFU                                 '),
(14, 1, 7, 'NUEVA ARICA                             '),
(14, 1, 8, 'OYOTUN                                  '),
(14, 1, 9, 'PICSI                                   '),
(14, 1, 10, 'PIMENTEL                                '),
(14, 1, 11, 'REQUE                                   '),
(14, 1, 12, 'SANTA ROSA                              '),
(14, 1, 13, 'SANA                                    '),
(14, 1, 14, 'JOSE LEONARDO ORTIZ                     '),
(14, 1, 15, 'LA VICTORIA                             '),
(14, 2, 1, 'LAMBAYEQUE                              '),
(14, 2, 2, 'CHOCHOPE                                '),
(14, 2, 4, 'ILLIMO                                  '),
(14, 2, 5, 'JAYANCA                                 '),
(14, 2, 6, 'MOCHUMI                                 '),
(14, 2, 7, 'MORROPE                                 '),
(14, 2, 8, 'MOTUPE                                  '),
(14, 2, 9, 'OLMOS                                   '),
(14, 2, 10, 'PACORA                                  '),
(14, 2, 11, 'SALAS                                   '),
(14, 2, 12, 'SAN JOSE                                '),
(14, 2, 13, 'TUCUME                                  '),
(14, 3, 1, 'FERRENAFE                               '),
(14, 3, 2, 'CANARIS                                 '),
(14, 3, 3, 'INCAHUASI                               '),
(14, 3, 4, 'PITIPO                                  '),
(14, 3, 5, 'PUEBLO NUEVO                            '),
(14, 3, 6, 'M.A.MESONES MURO                        '),
(15, 1, 1, 'LIMA                                    '),
(15, 1, 2, 'ANCON                                   '),
(15, 1, 3, 'ATE                                     '),
(15, 1, 4, 'BRENA                                   '),
(15, 1, 5, 'CARABAYLLO                              '),
(15, 1, 6, 'CHACLACAYO                              '),
(15, 1, 7, 'CHORRILLOS                              '),
(15, 1, 8, 'LA VICTORIA                             '),
(15, 1, 9, 'LINCE                                   '),
(15, 1, 10, 'LURIGANCHO                              '),
(15, 1, 11, 'LURIN                                   '),
(15, 1, 12, 'MAGDALENA DEL MAR                       '),
(15, 1, 13, 'PUEBLO LIBRE                            '),
(15, 1, 14, 'MIRAFLORES                              '),
(15, 1, 15, 'PACHACAMAC                              '),
(15, 1, 16, 'PUENTE PIEDRA                           '),
(15, 1, 17, 'RIMAC                                   '),
(15, 1, 18, 'SAN ISIDRO                              '),
(15, 1, 19, 'BARRANCO                                '),
(15, 1, 20, 'SAN MIGUEL                              '),
(15, 1, 21, 'SANTIAGO DE SURCO                       '),
(15, 1, 22, 'SURQUILLO                               '),
(15, 1, 23, 'SAN MARTIN DE PORRES                    '),
(15, 1, 24, 'PUCUSANA                                '),
(15, 1, 25, 'SAN BARTOLO                             '),
(15, 1, 26, 'PUNTA HERMOSA                           '),
(15, 1, 27, 'PUNTA NEGRA                             '),
(15, 1, 28, 'COMAS                                   '),
(15, 1, 29, 'VILLA MARIA DEL TRIUNFO                 '),
(15, 1, 30, 'SANTA MARIA DEL MAR                     '),
(15, 1, 31, 'LA MOLINA                               '),
(15, 1, 32, 'SANTA ROSA                              '),
(15, 1, 33, 'JESUS MARIA                             '),
(15, 1, 34, 'INDEPENDENCIA                           '),
(15, 1, 35, 'SAN JUAN DE MIRAFLORES                  '),
(15, 1, 36, 'EL AGUSTINO                             '),
(15, 1, 37, 'SAN JUAN DE LURIGANCHO                  '),
(15, 1, 38, 'SAN LUIS                                '),
(15, 1, 39, 'CIENEGUILLA                             '),
(15, 1, 40, 'SAN BORJA                               '),
(15, 1, 41, 'VILLA EL SALVADOR                       '),
(15, 1, 42, 'LOS OLIVOS                              '),
(15, 1, 43, 'SANTA ANITA                             '),
(15, 1, 44, 'CHOSICA                                 '),
(15, 2, 1, 'CAJATAMBO                               '),
(15, 2, 5, 'COPA                                    '),
(15, 2, 6, 'GORGOR                                  '),
(15, 2, 7, 'HUANCAPON                               '),
(15, 2, 8, 'MANAS                                   '),
(15, 3, 1, 'CANTA                                   '),
(15, 3, 2, 'ARAHUAY                                 '),
(15, 3, 5, 'HUAMANTANGA                             '),
(15, 3, 6, 'HUAROS                                  '),
(15, 3, 9, 'SAN BUENAVENTURA                        '),
(15, 3, 11, 'LACHAQUI                                '),
(15, 3, 12, 'STA. ROSA DE QUIVES                     '),
(15, 4, 1, 'SAN VICENTE DE CANETE                   '),
(15, 4, 2, 'CALANGO                                 '),
(15, 4, 3, 'CERRO AZUL                              '),
(15, 4, 4, 'COAYLLO                                 '),
(15, 4, 5, 'CHILCA                                  '),
(15, 4, 6, 'IMPERIAL                                '),
(15, 4, 7, 'LUNAHUANA                               '),
(15, 4, 8, 'MALA                                    '),
(15, 4, 9, 'PACARAN                                 '),
(15, 4, 11, 'QUILMANA                                '),
(15, 4, 12, 'SAN ANTONIO                             '),
(15, 4, 14, 'SAN LUIS                                '),
(15, 4, 15, 'STA. CRUZ DE FLORES                     '),
(15, 4, 16, 'ZUNIGA                                  '),
(15, 4, 17, 'NUEVO IMPERIAL                          '),
(15, 4, 18, 'ASIA                                    '),
(15, 5, 1, 'HUACHO                                  '),
(15, 5, 2, 'AMBAR                                   '),
(15, 5, 5, 'CALETA DE CARQUIN                       '),
(15, 5, 7, 'CHECRAS                                 '),
(15, 5, 8, 'HUALMAY                                 '),
(15, 5, 10, 'HUAURA                                  '),
(15, 5, 12, 'PACCHO                                  '),
(15, 5, 14, 'SANTA LEONOR                            '),
(15, 5, 15, 'SANTA MARIA                             '),
(15, 5, 16, 'SAYAN                                   '),
(15, 5, 19, 'VEGUETA                                 '),
(15, 5, 20, 'LEONCIO PRADO                           '),
(15, 6, 1, 'MATUCANA                                '),
(15, 6, 2, 'ANTIOQUIA                               '),
(15, 6, 3, 'CARAMPOMA                               '),
(15, 6, 4, 'CASTA                                   '),
(15, 6, 5, 'CUENCA                                  '),
(15, 6, 6, 'HUAROCHIRI                              '),
(15, 6, 7, 'LAHUAYTAMBO                             '),
(15, 6, 8, 'LANGA                                   '),
(15, 6, 9, 'RICARDO PALMA                           '),
(15, 6, 10, 'SAN ANDRES DE TUPICOCHA                 '),
(15, 6, 11, 'SAN ANTONIO                             '),
(15, 6, 12, 'SAN DAMIAN                              '),
(15, 6, 13, 'SAN LORENZO DE QUINTI                   '),
(15, 6, 14, 'SAN MATEO                               '),
(15, 6, 15, 'SAN MATEO DE OTAO                       '),
(15, 6, 16, 'SANTA EULALIA                           '),
(15, 6, 17, 'SANTIAGO DE TUNA                        '),
(15, 6, 18, 'SANTO DOMINGO DE LOS OLLEROS            '),
(15, 6, 19, 'SURCO                                   '),
(15, 6, 20, 'CHICLA                                  '),
(15, 6, 21, 'SAN BARTOLOME                           '),
(15, 6, 22, 'MARIATANA                               '),
(15, 6, 23, 'SANGALLAYA                              '),
(15, 6, 24, 'CALLAHUANCA                             '),
(15, 6, 25, 'HUANZA                                  '),
(15, 6, 26, 'STA. CRUZ DE COCACHACRA                 '),
(15, 6, 27, 'SANTIAGO DE ANCHUCAYA                   '),
(15, 6, 28, 'SAN JUAN DE TANTARANCHE                 '),
(15, 6, 29, 'SAN PEDRO DE HUANCAYRE                  '),
(15, 6, 30, 'HUACHUPAMPA                             '),
(15, 6, 31, 'SAN JUAN DE IRIS                        '),
(15, 6, 32, 'LARAOS                                  '),
(15, 7, 1, 'YAUYOS                                  '),
(15, 7, 2, 'ALIS                                    '),
(15, 7, 3, 'AYAUCA                                  '),
(15, 7, 4, 'AYAVIRI                                 '),
(15, 7, 5, 'CACRA                                   '),
(15, 7, 6, 'CARANIA                                 '),
(15, 7, 7, 'COLONIA                                 '),
(15, 7, 8, 'HUAMPARA                                '),
(15, 7, 9, 'HUANCAYA                                '),
(15, 7, 10, 'HUANGASCAR                              '),
(15, 7, 11, 'HUANTAN                                 '),
(15, 7, 12, 'HUANEC                                  '),
(15, 7, 32, 'HONGOS                                  '),
(15, 7, 33, 'MADEAN                                  '),
(15, 7, 34, 'CATAHUASI                               '),
(15, 8, 1, 'HUARAL                                  '),
(15, 8, 2, 'ATAVILLOS ALTO                          '),
(15, 8, 3, 'ATAVILLOS BAJO                          '),
(15, 8, 4, 'AUCALLAMA                               '),
(15, 8, 5, 'CHANCAY                                 '),
(15, 8, 6, 'IHUARI                                  '),
(15, 8, 7, 'LAMPIAN                                 '),
(15, 8, 8, 'PACARAOS                                '),
(15, 8, 9, 'SAN MIGUEL DE ACOS                      '),
(15, 8, 10, 'STA. CRUZ DE ANDAMARCA                  '),
(15, 8, 11, 'SUMBILCA                                '),
(15, 8, 12, 'VEINTISIETE DE NOVIEMBRE                '),
(15, 9, 1, 'BARRANCA                                '),
(15, 9, 2, 'PARAMONGA                               '),
(15, 9, 3, 'PATIVILCA                               '),
(15, 9, 4, 'SUPE                                    '),
(15, 9, 5, 'SUPE PUERTO                             '),
(15, 10, 1, 'OYON                                    '),
(15, 10, 2, 'ANDAJES                                 '),
(15, 10, 3, 'CAUJUL                                  '),
(15, 10, 4, 'COCHAMARCA                              '),
(15, 10, 5, 'NAVAN                                   '),
(15, 10, 6, 'PACHANGARA                              '),
(15, 11, 1, 'CALLAO                                  '),
(15, 11, 2, 'BELLAVISTA                              '),
(15, 11, 3, 'LA PUNTA                                '),
(15, 11, 4, 'LA PERLA                                '),
(15, 11, 5, 'CARMEN DE LA LEGUA REYNOSO              '),
(15, 11, 6, 'VENTANILLA                              '),
(15, 12, 1, 'SAN LUIS                                '),
(15, 13, 1, 'AMBAR                                   '),
(15, 13, 2, 'HUACHO                                  '),
(16, 1, 1, 'IQUITOS                                 '),
(16, 1, 2, 'ALTO NANAY                              '),
(16, 1, 3, 'FERNANDO LORES                          '),
(16, 1, 4, 'LAS AMAZONAS                            '),
(16, 1, 5, 'MAZAN                                   '),
(16, 1, 6, 'NAPO                                    '),
(16, 1, 8, 'PUTUMAYO                                '),
(16, 1, 10, 'TORRES CAUSANA                          '),
(16, 1, 13, 'INDIANA                                 '),
(16, 1, 14, 'PUNCHANA                                '),
(16, 2, 1, 'YURIMAGUAS                              '),
(16, 2, 2, 'BALSAPUERTO                             '),
(16, 2, 3, 'BARRANCA                                '),
(16, 2, 4, 'CAHUAPANAS                              '),
(16, 2, 5, 'JEBEROS                                 '),
(16, 2, 6, 'LAGUNAS                                 '),
(16, 2, 7, 'MANSERICHE                              '),
(16, 2, 8, 'MORONA                                  '),
(16, 2, 9, 'PASTAZA                                 '),
(16, 2, 10, 'SANTA CRUZ                              '),
(16, 2, 11, 'TNTE.CESAR LOPEZ ROJAS                  '),
(16, 3, 1, 'IQUITOS                                 '),
(16, 4, 1, 'NAUTA                                   '),
(16, 4, 2, 'PARINARI                                '),
(16, 4, 3, 'TIGRE                                   '),
(16, 4, 4, 'URARINAS                                '),
(16, 4, 5, 'TROMPETEROS                             '),
(16, 5, 1, 'REQUENA                                 '),
(16, 5, 2, 'ALTO TAPICHE                            '),
(16, 5, 3, 'CAPELO                                  '),
(16, 5, 4, 'EMILIO SAN MARTIN                       '),
(16, 5, 5, 'MAQUIA                                  '),
(16, 5, 6, 'PUINAHUA                                '),
(16, 5, 7, 'SAQUENA                                 '),
(16, 5, 8, 'SOPLIN                                  '),
(16, 5, 9, 'TAPICHE                                 '),
(16, 5, 10, 'YAQUERANA                               '),
(16, 6, 1, 'CONTAMANA                               '),
(16, 6, 2, 'PADRE MARQUEZ                           '),
(16, 6, 3, 'SARAYACU                                '),
(16, 6, 4, 'VARGAS GUERRA                           '),
(16, 6, 5, 'PAMPA HERMOSA                           '),
(16, 6, 6, 'INAHUAYA                                '),
(16, 7, 1, 'RAMON CASTILLA                          '),
(16, 7, 2, 'PEBAS                                   '),
(16, 7, 3, 'YAVARI                                  '),
(17, 1, 1, 'TAMBOPATA                               '),
(17, 1, 2, 'INAMBARI                                '),
(17, 1, 3, 'LAS PIEDRAS                             '),
(17, 2, 1, 'MANU                                    '),
(17, 2, 2, 'FITZCARRALD                             '),
(17, 2, 3, 'MADRE DE DIOS                           '),
(17, 3, 1, 'INAPARI                                 '),
(17, 3, 2, 'IBERIA                                  '),
(17, 3, 3, 'TAHUAMANU                               '),
(17, 4, 1, 'PTO. MALDONADO                          '),
(18, 1, 1, 'MOQUEGUA                                '),
(18, 1, 2, 'CARUMAS                                 '),
(18, 1, 3, 'CUCHUMBAYA                              '),
(18, 1, 5, 'SAN CRISTOBAL                           '),
(18, 1, 6, 'TORATA                                  '),
(18, 1, 7, 'SAMEGUA                                 '),
(18, 2, 1, 'OMATE                                   '),
(18, 2, 2, 'ICHUNA                                  '),
(18, 2, 3, 'LA CAPILLA                              '),
(18, 2, 4, 'MATALAQUE                               '),
(18, 2, 5, 'PUQUINA                                 '),
(18, 2, 6, 'UBINAS                                  '),
(18, 2, 7, 'CHOJATA                                 '),
(18, 2, 8, 'QUINISTAQUILLAS                         '),
(18, 2, 9, 'COALAQUE                                '),
(18, 2, 10, 'LLOQUE                                  '),
(18, 2, 11, 'YUNGA                                   '),
(18, 3, 1, 'ILO                                     '),
(18, 3, 2, 'EL ALGARROBAL                           '),
(18, 3, 3, 'PACOCHA                                 '),
(18, 4, 1, 'MOQUEGUA                                '),
(19, 1, 1, 'CHAUPIMARCA                             '),
(19, 1, 2, 'PASCO                                   '),
(15, 7, 13, 'LARAOS                                  '),
(15, 7, 15, 'MIRAFLORES                              '),
(15, 7, 16, 'OMAS                                    '),
(15, 7, 17, 'QUINCHES                                '),
(15, 7, 18, 'TAURIPAMPA                              '),
(15, 7, 19, 'TOMAS                                   '),
(15, 7, 20, 'VINAC                                   '),
(15, 7, 21, 'VITIS                                   '),
(15, 7, 22, 'TUPE                                    '),
(15, 7, 23, 'CHOCOS                                  '),
(15, 7, 24, 'SAN JOAQUIN                             '),
(15, 7, 25, 'AZANGARO                                '),
(15, 7, 26, 'TANTA                                   '),
(15, 7, 27, 'SAN PEDRO DE PILAS                      '),
(15, 7, 28, 'LINCHA                                  '),
(15, 7, 29, 'QUINOCAY                                '),
(15, 7, 30, 'COCHAS                                  '),
(15, 7, 31, 'PUTINZA                                 '),
(11, 1, 8, 'SANTIAGO                                '),
(11, 1, 9, 'YAUCA DEL ROSARIO                       '),
(11, 1, 14, 'SUBTANJALLA                             '),
(11, 1, 15, 'LA TINGUINA                             '),
(11, 1, 16, 'PARCONA                                 '),
(11, 1, 17, 'TATE                                    '),
(11, 1, 18, 'PACHACUTEC                              '),
(11, 1, 19, 'OCUCAJE                                 '),
(11, 2, 1, 'CHINCHA ALTA                            '),
(11, 2, 2, 'CHAVIN                                  '),
(11, 2, 3, 'CHINCHA BAJA                            '),
(11, 2, 4, 'EL CARMEN                               '),
(11, 2, 5, 'GROCIO PRADO                            '),
(11, 2, 6, 'SUNAMPE                                 '),
(11, 2, 7, 'TAMBO DE MORA                           '),
(11, 2, 9, 'SAN PEDRO DE HUACARPANA                 '),
(11, 2, 10, 'ALTO LARAN                              '),
(11, 2, 11, 'PUEBLO NUEVO                            '),
(11, 2, 12, 'SAN JUAN DE YANAC                       '),
(11, 3, 1, 'NAZCA                                   '),
(11, 3, 2, 'CHANGUILLO                              '),
(11, 3, 3, 'EL INGENIO                              '),
(11, 3, 4, 'MARCONA                                 '),
(11, 3, 5, 'VISTA ALEGRE                            '),
(11, 4, 1, 'PISCO                                   '),
(11, 4, 2, 'HUANCANO                                '),
(11, 4, 3, 'HUMAY                                   '),
(11, 4, 4, 'INDEPENDENCIA                           '),
(11, 4, 5, 'SAN ANDRES                              '),
(11, 4, 6, 'PARACAS                                 '),
(11, 4, 7, 'SAN CLEMENTE                            '),
(11, 4, 8, 'TUPAC AMARU INCA                        '),
(11, 5, 1, 'PALPA                                   '),
(11, 5, 2, 'LLIPATA                                 '),
(11, 5, 3, 'RIO GRANDE                              '),
(11, 5, 4, 'SANTA CRUZ                              '),
(11, 5, 5, 'TIBILLO                                 '),
(12, 1, 1, 'HUANCAYO                                '),
(12, 1, 2, 'AHUAC                                   '),
(12, 1, 3, 'CARHUACALLANGA                          '),
(12, 1, 4, 'COLCA                                   '),
(12, 1, 5, 'CHONGOS ALTO                            '),
(12, 1, 6, 'CHONGOS BAJO                            '),
(12, 1, 7, 'CHUPACA                                 '),
(12, 1, 8, 'EL TAMBO                                '),
(12, 1, 9, 'HUACRAPUQUIO                            '),
(12, 1, 10, 'HUACHAC                                 '),
(12, 1, 11, 'HUALHUAS                                '),
(12, 1, 12, 'HUASICANCHA                             '),
(12, 1, 13, 'HUAYUCACHI                              '),
(12, 1, 14, 'JARPA                                   '),
(12, 1, 15, 'PARIAHUANCA                             '),
(12, 1, 16, 'PILCOMAYO                               '),
(12, 1, 17, 'PUCARA                                  '),
(12, 1, 18, 'SAN AGUSTIN                             '),
(12, 1, 19, 'SAN JERONIMO DE TUNAN                   '),
(12, 1, 20, 'SAN JUAN DE YSCOS                       '),
(12, 1, 21, 'SANTO DOMINGO DE ACOBAMBA               '),
(12, 1, 22, 'SAPALLANGA                              '),
(12, 1, 23, 'SICAYA                                  '),
(12, 1, 24, 'VIQUES                                  '),
(12, 1, 25, 'QUILCAS                                 '),
(12, 1, 26, 'CULLHUAS                                '),
(12, 1, 27, 'SANO                                    '),
(12, 1, 28, 'INGENIO                                 '),
(12, 1, 29, 'HUANCAN                                 '),
(12, 1, 30, 'QUICHUAY                                '),
(12, 1, 31, 'CHILCA                                  '),
(12, 1, 32, 'CHACAPAMPA                              '),
(12, 1, 33, '3 DE DICIEMBRE                          '),
(12, 1, 34, 'CHUPURO                                 '),
(12, 1, 35, 'YANACANCHA                              '),
(12, 1, 36, 'CHICCHE                                 '),
(12, 1, 37, 'HUAMANCACA CHICO                        '),
(12, 2, 1, 'JAUJA                                   '),
(12, 2, 3, 'ACOLLA                                  '),
(12, 2, 5, 'APATA                                   '),
(12, 2, 6, 'ATAURA                                  '),
(12, 2, 10, 'EL MANTARO                              '),
(12, 2, 11, 'HUAMALI                                 '),
(12, 2, 12, 'HUARIPAMPA                              '),
(12, 2, 13, 'JULCAN                                  '),
(12, 2, 14, 'LEONOR ORDONEZ                          '),
(12, 2, 15, 'LLOCLLAPAMPA                            '),
(12, 2, 16, 'MARCO                                   '),
(12, 2, 17, 'MASMA                                   '),
(12, 2, 20, 'MUQUIYAUYO                              '),
(12, 2, 22, 'PACA                                    '),
(12, 2, 23, 'PACCHA                                  '),
(12, 2, 24, 'PARCO                                   '),
(12, 2, 25, 'RICRAN                                  '),
(12, 2, 27, 'SAN LORENZO                             '),
(12, 2, 30, 'SINCOS                                  '),
(12, 2, 31, 'TUNAN MARCA                             '),
(12, 2, 32, 'YAULI                                   '),
(12, 2, 33, 'HUERTAS                                 '),
(12, 2, 34, 'CANCHAYLLO                              '),
(12, 2, 35, 'SAN PEDRO DE CHUNAN                     '),
(12, 2, 36, 'MUQUI                                   '),
(12, 2, 37, 'MOLINOS                                 '),
(12, 2, 38, 'PANCAN                                  '),
(12, 2, 39, 'MONOBAMBA                               '),
(12, 2, 40, 'JANJAILLO                               '),
(12, 2, 41, 'POMACANCHA                              '),
(12, 2, 42, 'CURICACA                                '),
(12, 2, 43, 'MASMA CHICCHE                           '),
(12, 2, 44, 'SAUSA                                   '),
(12, 2, 45, 'YAUYOS                                  '),
(12, 3, 1, 'JUNIN                                   '),
(12, 3, 2, 'CARHUAMAYO                              '),
(12, 3, 3, 'ONDORES                                 '),
(12, 3, 4, 'ULCUMAYO                                '),
(12, 4, 1, 'TARMA                                   '),
(12, 4, 2, 'ACOBAMBA                                '),
(12, 4, 4, 'HUASAHUASI                              '),
(12, 4, 5, 'LA UNION                                '),
(12, 4, 6, 'PALCA                                   '),
(12, 4, 7, 'PALCAMAYO                               '),
(12, 4, 8, 'SAN PEDRO DE CAJAS                      '),
(12, 4, 10, 'TAPO                                    '),
(12, 4, 12, 'HUARICOLCA                              '),
(12, 5, 1, 'LA OROYA                                '),
(12, 5, 2, 'CHACAPALPA                              '),
(12, 5, 3, 'MARCAPOMACOCHA                          '),
(12, 5, 4, 'MOROCOCHA                               '),
(12, 5, 5, 'YAULI                                   '),
(12, 5, 6, 'STA. BARBARA DE CARHUACAYAN             '),
(12, 5, 7, 'PACCHA                                  '),
(12, 5, 8, 'HUAY-HUAY                               '),
(12, 5, 9, 'SUITUCANCHA                             '),
(12, 5, 10, 'STA. ROSA DE SACCO                      '),
(12, 6, 1, 'CONCEPCION                              '),
(19, 1, 3, 'HUACHON                                 '),
(19, 1, 4, 'HUARIACA                                '),
(19, 1, 5, 'HUAYLLAY                                '),
(19, 1, 6, 'NINACACA                                '),
(19, 1, 7, 'PAUCARTAMBO                             '),
(19, 1, 8, 'TINYAHUARCO                             '),
(19, 1, 9, 'YANACANCHA                              '),
(19, 1, 10, 'SIMON BOLIVAR                           '),
(19, 1, 11, 'TICLACAYAN                              '),
(19, 1, 12, 'VICCO                                   '),
(19, 1, 13, 'PALLANCHACRA                            '),
(19, 1, 14, 'SAN FRANCISCO DE ASIS DE YARUSYACAN     '),
(19, 2, 1, 'YANAHUANCA                              '),
(19, 2, 2, 'CHACAYAN                                '),
(19, 2, 3, 'GOYLLARISQUIZGA                         '),
(19, 2, 4, 'TAPUC                                   '),
(19, 2, 5, 'VILCABAMBA                              '),
(19, 2, 6, 'PAUCAR                                  '),
(19, 2, 7, 'STA. ANA DE TUSI                        '),
(19, 2, 8, 'SAN PEDRO DE PILLAO                     '),
(19, 3, 1, 'OXAPAMPA                                '),
(19, 3, 2, 'CHONTABAMBA                             '),
(19, 3, 3, 'HUANCABAMBA                             '),
(19, 3, 4, 'VILLA RICA                              '),
(19, 3, 5, 'PUERTO BERMUDEZ                         '),
(19, 3, 6, 'POZUZO                                  '),
(19, 3, 7, 'PALCAZU                                 '),
(20, 1, 1, 'PIURA                                   '),
(20, 1, 2, 'BERNAL                                  '),
(20, 1, 3, 'CASTILLA                                '),
(20, 1, 4, 'CATACAOS                                '),
(20, 1, 5, 'LA ARENA                                '),
(20, 1, 6, 'LA UNION                                '),
(20, 1, 7, 'LAS LOMAS                               '),
(20, 1, 8, 'SECHURA                                 '),
(20, 1, 9, 'TAMBO GRANDE                            '),
(20, 1, 10, 'VICE                                    '),
(20, 1, 11, 'BELLAVISTA DE LA UNION                  '),
(20, 1, 12, 'CURA MORI                               '),
(20, 1, 13, 'EL TALLAN                               '),
(20, 1, 14, 'RINCONADA LLICUAR                       '),
(20, 1, 15, 'CRISTO NOS VALGA                        '),
(20, 2, 1, 'AYABACA                                 '),
(20, 2, 2, 'FRIAS                                   '),
(20, 2, 3, 'LAGUNAS                                 '),
(20, 2, 4, 'MONTERO                                 '),
(20, 2, 5, 'PACAIPAMPA                              '),
(20, 2, 6, 'SAPILLICA                               '),
(20, 2, 7, 'SICCHEZ                                 '),
(20, 2, 8, 'SUYO                                    '),
(20, 2, 9, 'JILILI                                  '),
(20, 2, 10, 'PAIMAS                                  '),
(20, 3, 1, 'HUANCABAMBA                             '),
(20, 3, 2, 'CANCHAQUE                               '),
(20, 3, 3, 'HUARMACA                                '),
(20, 3, 4, 'SONDOR                                  '),
(20, 3, 5, 'SONDORILLO                              '),
(20, 3, 6, 'EL CARMEN DE LA FRONTERA                '),
(20, 3, 7, 'SAN MIGUEL DE EL FAIQUE                 '),
(20, 3, 8, 'LALAQUIZ                                '),
(20, 4, 1, 'CHULUCANAS                              '),
(20, 4, 2, 'BUENOS AIRES                            '),
(20, 4, 3, 'CHALACO                                 '),
(20, 4, 4, 'MORROPON                                '),
(20, 4, 5, 'SALITRAL                                '),
(20, 4, 6, 'SANTO DOMINGO                           '),
(20, 4, 7, 'SANTA CATALINA DE MOSSA                 '),
(20, 4, 8, 'LA MATANZA                              '),
(20, 4, 9, 'YAMANGO                                 '),
(20, 4, 10, 'SAN JUAN DE BIGOTE                      '),
(20, 5, 1, 'PAITA                                   '),
(20, 5, 2, 'AMOTAPE                                 '),
(20, 5, 3, 'ARENAL                                  '),
(20, 5, 4, 'COLAN                                   '),
(20, 5, 6, 'LA HUACA                                '),
(20, 5, 9, 'TAMARINDO                               '),
(20, 5, 10, 'VICHAYAL                                '),
(20, 6, 1, 'SULLANA                                 '),
(20, 6, 2, 'LANCONES                                '),
(20, 6, 3, 'QUERECOTILLO                            '),
(20, 6, 4, 'SALITRAL                                '),
(20, 6, 5, 'MIGUEL CHECA                            '),
(20, 6, 6, 'MARCAVELICA                             '),
(20, 6, 7, 'BELLAVISTA                              '),
(20, 6, 8, 'IGNACIO ESCUDERO                        '),
(20, 7, 1, 'PARINAS                                 '),
(20, 7, 2, 'EL ALTO                                 '),
(20, 7, 3, 'LA BREA                                 '),
(20, 7, 4, 'LOBITOS                                 '),
(20, 7, 5, 'MANCORA                                 '),
(20, 7, 6, 'LOS ORGANOS                             '),
(20, 7, 7, 'TALARA                                  '),
(21, 1, 1, 'PUNO                                    '),
(21, 1, 2, 'ACORA                                   '),
(21, 1, 3, 'ATUNCOLLA                               '),
(21, 1, 4, 'CAPACHICA                               '),
(21, 1, 5, 'COATA                                   '),
(21, 1, 6, 'CHUCUITO                                '),
(21, 1, 7, 'HUATA                                   '),
(21, 1, 8, 'PAUCARCOLLA                             '),
(21, 1, 9, 'PICHACANI                               '),
(21, 1, 10, 'SAN ANTONIO                             '),
(21, 1, 11, 'TIQUILLACA                              '),
(21, 1, 12, 'VILQUE                                  '),
(21, 1, 13, 'MANAZO                                  '),
(21, 1, 14, 'PLATERIA                                '),
(21, 1, 15, 'AMANTANI                                '),
(21, 2, 1, 'AZANGARO                                '),
(21, 2, 2, 'ACHAYA                                  '),
(21, 2, 3, 'ARAPA                                   '),
(21, 2, 4, 'ASILLO                                  '),
(21, 2, 5, 'CAMINACA                                '),
(21, 2, 6, 'CHUPA                                   '),
(21, 2, 7, 'MUNANI                                  '),
(21, 2, 8, 'POTONI                                  '),
(21, 2, 10, 'SAMAN                                   '),
(21, 2, 11, 'SAN ANTON                               '),
(21, 2, 12, 'SAN JOSE                                '),
(21, 2, 13, 'SAN JUAN DE SALINAS                     '),
(21, 2, 14, 'SANTIAGO DE PUPUJA                      '),
(21, 2, 15, 'TIRAPATA                                '),
(21, 2, 16, 'JOSE DGO. CHOQUEHUANCA                  '),
(21, 3, 1, 'MACUSANI                                '),
(21, 3, 2, 'AJOYANI                                 '),
(21, 3, 3, 'AYAPATA                                 '),
(21, 3, 4, 'COASA                                   '),
(21, 3, 5, 'CORANI                                  '),
(21, 3, 6, 'CRUCERO                                 '),
(21, 3, 7, 'ITUATA                                  '),
(21, 3, 8, 'OLLACHEA                                '),
(21, 3, 9, 'SAN GABAN                               '),
(21, 3, 10, 'USICAYOS                                '),
(10, 3, 1, 'LA UNION                                '),
(10, 3, 2, 'BANOS                                   '),
(10, 3, 3, 'CHACABAMBA                              '),
(10, 3, 4, 'CHAVINILLO                              '),
(10, 3, 5, 'APARICIO POMARES                        '),
(10, 3, 7, 'JESUS                                   '),
(10, 3, 8, 'JIVIA                                   '),
(10, 3, 9, 'OBAS                                    '),
(10, 3, 10, 'PACHAS                                  '),
(10, 3, 11, 'QUIVILLA                                '),
(10, 3, 12, 'RONDOS                                  '),
(10, 3, 13, 'SAN MIGUEL DE CAURI                     '),
(10, 3, 14, 'SHUNQUI                                 '),
(10, 3, 15, 'YANAS                                   '),
(10, 3, 16, 'CHUQUIS                                 '),
(10, 3, 17, 'SILLAPATA                               '),
(10, 3, 18, 'CAHUAC                                  '),
(10, 3, 19, 'RIPAN                                   '),
(10, 3, 20, 'JACAS CHICO                             '),
(10, 3, 21, 'SAN FRANCISCO DE ASIS                   '),
(10, 3, 22, 'MARIAS                                  '),
(10, 3, 23, 'QUEROPALCA                              '),
(10, 4, 1, 'LLATA                                   '),
(10, 4, 2, 'ARANCAY                                 '),
(10, 4, 3, 'CHAVIN DE PARIARCA                      '),
(10, 4, 4, 'JACAS GRANDE                            '),
(10, 4, 5, 'JIRCAN                                  '),
(10, 4, 6, 'MIRAFLORES                              '),
(10, 4, 7, 'MONZON                                  '),
(10, 4, 8, 'PUNCHAO                                 '),
(10, 4, 9, 'PUNOS                                   '),
(10, 4, 10, 'SINGA                                   '),
(10, 4, 11, 'TANTAMAYO                               '),
(10, 5, 1, 'HUACRACHUCO                             '),
(10, 5, 2, 'CHOLON                                  '),
(10, 5, 5, 'SAN BUENAVENTURA                        '),
(10, 6, 1, 'PANAO                                   '),
(10, 6, 2, 'CHAGLLA                                 '),
(10, 6, 3, 'MOLINOS                                 '),
(10, 6, 5, 'UMARI                                   '),
(10, 7, 1, 'RUPA-RUPA                               '),
(10, 7, 2, 'DANIEL ALOMIA ROBLES                    '),
(10, 7, 3, 'HERMILIO VALDIZAN                       '),
(10, 7, 4, 'LUYANDO                                 '),
(10, 7, 5, 'MARIANO DAMASO BERAUN                   '),
(10, 7, 6, 'J. CRESPO Y CASTILLO                    '),
(10, 8, 1, 'PUERTO INCA                             '),
(10, 8, 2, 'CODO DE POZUZO                          '),
(10, 8, 3, 'HONORIA                                 '),
(10, 8, 4, 'TOURNAVISTA                             '),
(10, 8, 5, 'YUYAPICHIS                              '),
(10, 9, 1, 'HUACAYBAMBA                             '),
(10, 9, 2, 'CANCHABAMBA                             '),
(10, 9, 3, 'COCHABAMBA                              '),
(10, 9, 4, 'PINRA                                   '),
(11, 1, 1, 'ICA                                     '),
(11, 1, 2, 'LOS AQUIJES                             '),
(11, 1, 4, 'PUEBLO NUEVO                            '),
(11, 1, 5, 'SALAS                                   '),
(11, 1, 6, 'SAN JOSE DE LOS MOLINOS                 '),
(11, 1, 7, 'SAN JUAN BAUTISTA                       '),
(8, 2, 5, 'RONDOCAN                                '),
(8, 2, 6, 'SANGARARA                               '),
(8, 2, 7, 'MOSOC LLACTA                            '),
(8, 3, 1, 'ANTA                                    '),
(8, 3, 2, 'CHINCHAYPUJIO                           '),
(8, 3, 3, 'HUAROCONDO                              '),
(8, 3, 4, 'LIMATAMBO                               '),
(8, 3, 5, 'MOLLEPATA                               '),
(8, 3, 6, 'PUCYURA                                 '),
(8, 3, 7, 'ZURITE                                  '),
(8, 3, 8, 'CACHIMAYO                               '),
(8, 3, 9, 'ANCAHUASI                               '),
(8, 4, 1, 'CALCA                                   '),
(8, 4, 2, 'LARES                                   '),
(8, 4, 3, 'PISAC                                   '),
(8, 4, 4, 'SAN SALVADOR                            '),
(8, 4, 5, 'COYA                                    '),
(8, 4, 6, 'LAMAY                                   '),
(8, 4, 7, 'TARAY                                   '),
(8, 4, 8, 'YANATILE                                '),
(8, 5, 1, 'YANAOCA                                 '),
(8, 5, 2, 'CHECCA                                  '),
(8, 5, 3, 'LANGUI                                  '),
(8, 5, 4, 'LAYO                                    '),
(8, 5, 5, 'PAMPAMARCA                              '),
(8, 5, 6, 'QUEHUE                                  '),
(8, 5, 7, 'TUPAC AMARU                             '),
(8, 5, 8, 'KUNTURKANKI                             '),
(8, 6, 1, 'SICUANI                                 '),
(8, 6, 2, 'COMBAPATA                               '),
(8, 6, 3, 'CHECACUPE                               '),
(8, 6, 4, 'MARANGANI                               '),
(8, 6, 5, 'PITUMARCA                               '),
(8, 6, 6, 'SAN PABLO                               '),
(8, 6, 7, 'SAN PEDRO                               '),
(8, 6, 8, 'TINTA                                   '),
(8, 7, 1, 'SANTO TOMAS                             '),
(8, 7, 2, 'CAPACMARCA                              '),
(8, 7, 3, 'COLQUEMARCA                             '),
(8, 7, 4, 'CHAMACA                                 '),
(8, 7, 5, 'LIVITACA                                '),
(8, 7, 6, 'LLUSCO                                  '),
(8, 7, 7, 'VELILLE                                 '),
(8, 7, 8, 'QUINOTA                                 '),
(8, 8, 1, 'ESPINAR                                 '),
(8, 8, 2, 'CONDOROMA                               '),
(8, 8, 3, 'COPORAQUE                               '),
(8, 8, 4, 'OCORURO                                 '),
(8, 8, 5, 'PALLPATA                                '),
(8, 8, 6, 'PICHIGUA                                '),
(8, 8, 7, 'SUYCKUTAMBO                             '),
(8, 9, 1, 'SANTA ANA                               '),
(8, 9, 2, 'ECHARATE                                '),
(8, 9, 3, 'HUAYOPATA                               '),
(8, 9, 4, 'OCOBAMBA                                '),
(8, 9, 5, 'VILCABAMBA                              '),
(8, 9, 6, 'SANTA TERESA                            '),
(8, 9, 7, 'MARANURA                                '),
(8, 9, 8, 'QUELLOUNO                               '),
(8, 10, 1, 'PARURO                                  '),
(8, 10, 2, 'ACCHA                                   '),
(8, 10, 3, 'CCAPI                                   '),
(8, 10, 4, 'COLCHA                                  '),
(8, 10, 5, 'HUANOQUITE                              '),
(8, 10, 6, 'OMACHA                                  '),
(8, 10, 7, 'YAURISQUE                               '),
(8, 10, 8, 'PACCARITAMBO                            '),
(8, 10, 9, 'PILLPINTO                               '),
(8, 11, 1, 'PAUCARTAMBO                             '),
(8, 11, 2, 'CAICAY                                  '),
(8, 11, 3, 'COLQUEPATA                              '),
(8, 11, 4, 'CHALLABAMBA                             '),
(8, 11, 5, 'KOSNIPATA                               '),
(8, 11, 6, 'HUANCARANI                              '),
(8, 12, 1, 'URCOS                                   '),
(8, 12, 2, 'ANDAHUAYLILLAS                          '),
(8, 12, 3, 'CCATCA                                  '),
(8, 12, 4, 'CUSIPATA                                '),
(8, 12, 5, 'LUCRE                                   '),
(8, 12, 6, 'MARCAPATA                               '),
(8, 12, 7, 'OCONGATE                                '),
(8, 12, 8, 'OROPESA                                 '),
(8, 12, 9, 'QUIQUIJANA                              '),
(8, 12, 10, 'CAMANTI                                 '),
(8, 12, 11, 'HUARO                                   '),
(8, 12, 12, 'CCARHUAYO                               '),
(8, 13, 1, 'URUBAMBA                                '),
(8, 13, 2, 'CHINCHERO                               '),
(8, 13, 3, 'HUAYLLABAMBA                            '),
(8, 13, 4, 'MACHUPICCHU                             '),
(8, 13, 5, 'MARAS                                   '),
(8, 13, 6, 'OLLANTAYTAMBO                           '),
(8, 13, 7, 'YUCAY                                   '),
(9, 1, 1, 'HUANCAVELICA                            '),
(9, 1, 2, 'ACOBAMBILLA                             '),
(9, 1, 3, 'ACORIA                                  '),
(9, 1, 4, 'CONAYCA                                 '),
(9, 1, 5, 'CUENCA                                  '),
(9, 1, 7, 'HUAYLLAHUARA                            '),
(9, 1, 8, 'IZCUCHACA                               '),
(9, 1, 9, 'MANTA                                   '),
(9, 1, 10, 'MARISCAL CACERES                        '),
(9, 1, 11, 'MOYA                                    '),
(9, 1, 12, 'PILCHACA                                '),
(9, 1, 13, 'VILCA                                   '),
(9, 1, 14, 'HUACHOCOLPA                             '),
(9, 1, 15, 'NUEVO OCCORO                            '),
(9, 1, 16, 'PALCA                                   '),
(9, 1, 17, 'LARIA                                   '),
(9, 1, 18, 'YAULI                                   '),
(9, 2, 1, 'ACOBAMBA                                '),
(9, 2, 2, 'ANDABAMBA                               '),
(9, 2, 3, 'ANTA                                    '),
(9, 2, 4, 'CAJA                                    '),
(9, 2, 5, 'MARCAS                                  '),
(9, 2, 6, 'PAUCARA                                 '),
(9, 2, 7, 'POMACOCHA                               '),
(9, 2, 8, 'ROSARIO                                 '),
(9, 3, 1, 'LIRCAY                                  '),
(9, 3, 2, 'ANCHONGA                                '),
(9, 3, 3, 'CALLANMARCA                             '),
(9, 3, 4, 'CONGALLA                                '),
(9, 3, 5, 'HUAYLLAY GRANDE                         '),
(9, 3, 6, 'HUANCA-HUANCA                           '),
(9, 3, 7, 'JULCAMARCA                              '),
(9, 3, 8, 'SAN ANTONIO DE ANTAPARCO                '),
(9, 3, 9, 'SANTO TOMAS DE PATA                     '),
(9, 3, 10, 'SECCLLA                                 '),
(9, 3, 11, 'CHINCHO                                 '),
(9, 3, 12, 'CCOCHACCASA                             '),
(9, 4, 1, 'CASTROVIRREYNA                          '),
(9, 4, 2, 'ARMA                                    '),
(1, 1, 1, 'CHACHAPOYAS                             '),
(1, 1, 2, 'ASUNCION                                '),
(1, 1, 3, 'BALSAS                                  '),
(1, 1, 4, 'CHILIQUIN                               '),
(1, 1, 5, 'CHUQUIBAMBA                             '),
(1, 1, 6, 'GRANADA                                 '),
(1, 1, 7, 'HUANCAS                                 '),
(1, 1, 8, 'LA JALCA                                '),
(1, 1, 9, 'LEIMEBAMBA                              '),
(1, 1, 10, 'LEVANTO                                 '),
(1, 1, 11, 'MAGDALENA                               '),
(1, 1, 12, 'MOLINOPAMPA                             '),
(1, 1, 13, 'MONTEVIDEO                              '),
(1, 1, 14, 'OLLEROS                                 '),
(1, 1, 15, 'QUINJALCA                               '),
(1, 1, 16, 'MARISCAL CASTILLA                       '),
(1, 1, 17, 'SOLOCO                                  '),
(1, 1, 18, 'SAN ISIDRO DE MAINO                     '),
(1, 1, 19, 'SAN FCO.DE DAGUAS                       '),
(1, 1, 20, 'CHETO                                   '),
(1, 1, 21, 'SONCHE                                  '),
(1, 2, 1, 'LA PECA                                 '),
(1, 2, 3, 'COPALLIN                                '),
(1, 2, 6, 'EL PARCO                                '),
(1, 2, 10, 'ARAMANGO                                '),
(1, 2, 12, 'IMAZA                                   '),
(1, 3, 1, 'JUMBILLA                                '),
(1, 3, 2, 'COROSHA                                 '),
(1, 3, 3, 'CUISPES                                 '),
(1, 3, 4, 'CHISQUILLA                              '),
(1, 3, 5, 'CHURUJA                                 '),
(1, 3, 6, 'FLORIDA                                 '),
(1, 3, 7, 'RECTA                                   '),
(1, 3, 8, 'SAN CARLOS                              '),
(1, 3, 9, 'SHIPASBAMBA                             '),
(1, 3, 10, 'VALERA                                  '),
(1, 3, 11, 'YAMBRASBAMBA                            '),
(1, 3, 12, 'JAZAN                                   '),
(1, 4, 1, 'LAMUD                                   '),
(1, 4, 2, 'CAMPORREDONDO                           '),
(1, 4, 3, 'COCABAMBA                               '),
(1, 4, 4, 'COLCAMAR                                '),
(1, 4, 5, 'CONILA                                  '),
(1, 4, 6, 'INGUILPATA                              '),
(1, 4, 7, 'LONGUITA                                '),
(1, 4, 8, 'LONYA CHICO                             '),
(1, 4, 9, 'LUYA                                    '),
(1, 4, 10, 'LUYA VIEJO                              '),
(1, 4, 11, 'OCALLI                                  '),
(1, 4, 12, 'OCUMAL                                  '),
(1, 4, 13, 'PISUQUIA                                '),
(1, 4, 14, 'SAN CRISTOBAL                           '),
(1, 4, 15, 'SAN FCO.DEL YESO                        '),
(1, 4, 16, 'SAN JERONIMO                            '),
(1, 4, 17, 'SAN JUAN DE LOPECANCHA                  '),
(1, 4, 18, 'SANTO TOMAS                             '),
(1, 4, 19, 'TINGO                                   '),
(1, 4, 20, 'STA. CATALINA                           '),
(1, 4, 21, 'TRITA                                   '),
(1, 4, 22, 'MARIA                                   '),
(1, 4, 23, 'PROVIDENCIA                             '),
(1, 5, 1, 'SAN NICOLAS                             '),
(1, 5, 2, 'COCHAMAL                                '),
(1, 5, 3, 'CHIRIMOTO                               '),
(1, 5, 4, 'HUAMBO                                  '),
(1, 5, 5, 'LIMABAMBA                               '),
(1, 5, 6, 'LONGAR                                  '),
(1, 5, 7, 'MILPUC                                  ');
INSERT INTO `tdistrito` (`codi_dist_dis`, `codi_prov_pro`, `codi_depa_dep`, `nomb_dist_dis`) VALUES
(1, 5, 8, 'OMIA                                    '),
(1, 5, 9, 'STA. ROSA                               '),
(1, 5, 10, 'TOTORA                                  '),
(1, 5, 11, 'VISTA ALEGRE                            '),
(1, 5, 12, 'MARISCAL BENAVIDES                      '),
(1, 6, 1, 'NIEVA                                   '),
(1, 6, 2, 'EL CENEPA                               '),
(1, 6, 3, 'RIO SANTIAGO                            '),
(1, 7, 1, 'BAGUA GRANDE                            '),
(1, 7, 2, 'CAJARURO                                '),
(1, 7, 3, 'CUMBA                                   '),
(1, 7, 4, 'EL MILAGRO                              '),
(1, 7, 5, 'JAMALCA                                 '),
(1, 7, 6, 'LONYA GRANDE                            '),
(1, 7, 7, 'YAMON                                   '),
(2, 1, 1, 'HUARAZ                                  '),
(2, 1, 2, 'COCHABAMBA                              '),
(2, 1, 3, 'COLCABAMBA                              '),
(2, 1, 4, 'HUANCHAY                                '),
(2, 1, 5, 'JANGAS                                  '),
(2, 1, 6, 'LA LIBERTAD                             '),
(2, 1, 7, 'OLLEROS                                 '),
(2, 1, 8, 'PAMPAS                                  '),
(2, 1, 9, 'PARIACOTO                               '),
(2, 1, 10, 'PIRA                                    '),
(2, 1, 11, 'TARICA                                  '),
(2, 1, 12, 'INDEPENDENCIA                           '),
(2, 1, 13, 'RESTAURACION                            '),
(2, 2, 1, 'AIJA                                    '),
(2, 2, 3, 'CORIS                                   '),
(2, 2, 4, 'HUACLLAN                                '),
(2, 2, 6, 'LA MERCED                               '),
(2, 2, 8, 'SUCCHA                                  '),
(2, 3, 1, 'CHIQUIAN                                '),
(2, 3, 3, 'AQUIA                                   '),
(2, 3, 4, 'CAJACAY                                 '),
(2, 3, 9, 'HUASTA                                  '),
(2, 3, 10, 'HUAYLLACAYAN                            '),
(2, 3, 11, 'MANGAS                                  '),
(2, 3, 13, 'PACLLON                                 '),
(2, 3, 15, 'TICLLOS                                 '),
(2, 3, 17, 'SAN MIGUEL DE CORPANQUI                 '),
(2, 3, 18, 'ABELARDO PARDO LEZAMETA                 '),
(2, 3, 21, 'ANTONIO RAYMONDI                        '),
(2, 3, 22, 'CANIS                                   '),
(2, 3, 23, 'COLQUIOC                                '),
(2, 3, 24, 'LA PRIMAVERA                            '),
(2, 4, 1, 'CARHUAZ                                 '),
(2, 4, 2, 'ACOPAMPA                                '),
(2, 4, 3, 'AMASHCA                                 '),
(2, 4, 4, 'ANTA                                    '),
(2, 4, 5, 'ATAQUERO                                '),
(2, 4, 6, 'MARCARA                                 '),
(2, 4, 7, 'PARIAHUANCA                             '),
(2, 4, 8, 'SHILLA                                  '),
(2, 4, 9, 'TINCO                                   '),
(2, 4, 10, 'YUNGAR                                  '),
(2, 4, 11, 'SAN MIGUEL DE ACO                       '),
(2, 5, 1, 'CORONGO                                 '),
(2, 5, 2, 'ACO                                     '),
(2, 5, 3, 'BAMBAS                                  '),
(2, 5, 4, 'CUSCA                                   '),
(2, 5, 5, 'LA PAMPA                                '),
(2, 5, 6, 'YANAC                                   '),
(2, 5, 7, 'YUPAN                                   '),
(2, 6, 1, 'HUARI                                   '),
(2, 6, 3, 'CHAVIN DE HUANTAR                       '),
(2, 6, 4, 'HUACACHI                                '),
(2, 6, 5, 'HUACHIS                                 '),
(2, 6, 6, 'HUANTAR                                 '),
(2, 6, 8, 'PONTO                                   '),
(2, 6, 10, 'SAN MARCOS                              '),
(2, 6, 11, 'UCO                                     '),
(2, 6, 13, 'RAPAYAN                                 '),
(2, 6, 14, 'HUACCHIS                                '),
(2, 6, 15, 'PAUCAS                                  '),
(2, 6, 16, 'SAN PEDRO DE CHANA                      '),
(2, 6, 19, 'MASIN                                   '),
(2, 6, 20, 'RAHUAPAMPA                              '),
(2, 6, 21, 'CAJAY                                   '),
(2, 6, 22, 'ANRA                                    '),
(2, 7, 1, 'CASMA                                   '),
(2, 7, 2, 'BUENA VISTA ALTA                        '),
(2, 7, 3, 'COMANDANTE NOEL                         '),
(2, 7, 5, 'YAUTAN                                  '),
(2, 8, 1, 'CARAZ                                   '),
(2, 8, 2, 'HUALLANCA                               '),
(2, 8, 3, 'HUATA                                   '),
(2, 8, 4, 'HUAYLAS                                 '),
(2, 8, 5, 'MATO                                    '),
(2, 8, 6, 'PAMPAROMAS                              '),
(2, 8, 7, 'PUEBLO LIBRE                            '),
(2, 8, 8, 'SANTA CRUZ                              '),
(2, 8, 9, 'YURACMARCA                              '),
(2, 9, 1, 'CABANA                                  '),
(2, 9, 2, 'BOLOGNESI                               '),
(2, 9, 4, 'CONCHUCOS                               '),
(2, 9, 5, 'HUANDOVAL                               '),
(2, 9, 6, 'LACABAMBA                               '),
(2, 9, 7, 'LLAPO                                   '),
(2, 9, 8, 'PALLASCA                                '),
(2, 9, 9, 'PAMPAS                                  '),
(2, 9, 10, 'TAUCA                                   '),
(2, 9, 11, 'SANTA ROSA                              '),
(2, 9, 12, 'HUACASCHUQUE                            '),
(2, 10, 1, 'POMABAMBA                               '),
(2, 10, 5, 'PAROBAMBA                               '),
(2, 10, 8, 'QUINUABAMBA                             '),
(2, 10, 12, 'HUAYLLAN                                '),
(2, 11, 1, 'RECUAY                                  '),
(2, 11, 2, 'COTAPARACO                              '),
(2, 11, 3, 'HUAYLLAPAMPA                            '),
(2, 11, 4, 'MARCA                                   '),
(2, 11, 5, 'PAMPAS CHICO                            '),
(2, 11, 6, 'PARARIN                                 '),
(2, 11, 7, 'TAPACOCHA                               '),
(2, 11, 8, 'TICAPAMPA                               '),
(2, 11, 9, 'LLACLLIN                                '),
(2, 11, 10, 'CATAC                                   '),
(2, 12, 1, 'CHIMBOTE                                '),
(2, 12, 2, 'CACERES DEL PERU                        '),
(2, 12, 3, 'MACATE                                  '),
(2, 12, 4, 'MORO                                    '),
(2, 12, 5, 'NEPENA                                  '),
(2, 12, 6, 'SANTA                                   '),
(2, 12, 7, 'SAMANCO                                 '),
(2, 12, 8, 'COISHCO                                 '),
(2, 13, 1, 'YUNGAY                                  '),
(2, 13, 2, 'CASCAPARA                               '),
(2, 13, 3, 'MANCOS                                  '),
(2, 13, 4, 'QUILLO                                  '),
(2, 13, 5, 'RANRAHIRCA                              '),
(2, 13, 6, 'SHUPLUY                                 '),
(2, 13, 7, 'YANAMA                                  '),
(2, 13, 8, 'MATACOTO                                '),
(2, 14, 1, 'PISCOBAMBA                              '),
(2, 14, 2, 'CASCA                                   '),
(2, 14, 3, 'LLAMA                                   '),
(2, 14, 4, 'LLUMPA                                  '),
(2, 14, 6, 'LUCMA                                   '),
(2, 14, 7, 'FIDEL OLIVAS ESCUDERO                   '),
(2, 14, 8, 'MUSGA                                   '),
(2, 14, 9, 'ELEAZAR GUZMAN BARRON                   '),
(2, 15, 1, 'SIHUAS                                  '),
(2, 15, 2, 'ALFONSO UGARTE                          '),
(2, 15, 3, 'CHINGALPO                               '),
(2, 15, 4, 'HUAYLLABAMBA                            '),
(2, 15, 5, 'QUICHES                                 '),
(2, 15, 6, 'SICSIBAMBA                              '),
(2, 15, 7, 'ACOBAMBA                                '),
(2, 15, 8, 'CASHAPAMPA                              '),
(2, 15, 9, 'RAGASH                                  '),
(2, 15, 10, 'SAN JUAN                                '),
(2, 16, 1, 'LLAMELLIN                               '),
(2, 16, 2, 'ACZO                                    '),
(2, 16, 3, 'CHACCHO                                 '),
(2, 16, 4, 'CHINGAS                                 '),
(2, 16, 5, 'MIRGAS                                  '),
(2, 16, 6, 'SAN JUAN DE RONTOY                      '),
(2, 17, 1, 'SAN LUIS                                '),
(2, 17, 2, 'SAN NICOLAS                             '),
(2, 17, 3, 'YAUYA                                   '),
(2, 18, 1, 'CHACAS                                  '),
(2, 18, 2, 'ACOCHACA                                '),
(2, 19, 1, 'HUARMEY                                 '),
(2, 19, 2, 'COCHAPETI                               '),
(2, 19, 3, 'CULEBRAS                                '),
(2, 19, 4, 'HUAYAN                                  '),
(2, 19, 5, 'MALVAS                                  '),
(3, 1, 1, 'ABANCAY                                 '),
(3, 1, 2, 'CIRCA                                   '),
(3, 1, 3, 'CURAHUASI                               '),
(3, 1, 4, 'HUANIPACA                               '),
(3, 1, 5, 'LAMBRAMA                                '),
(3, 1, 6, 'PICHIRHUA                               '),
(3, 1, 7, 'SAN PEDRO DE CACHORA                    '),
(3, 1, 8, 'TAMBURCO                                '),
(3, 1, 9, 'CHACOCHE                                '),
(3, 2, 1, 'ANDAHUAYLAS                             '),
(3, 2, 2, 'ANDARAPA                                '),
(3, 2, 4, 'CHIARA                                  '),
(3, 2, 6, 'HUANCARAMA                              '),
(3, 2, 7, 'HUANCARAY                               '),
(3, 2, 8, 'KISHUARA                                '),
(3, 2, 11, 'PACOBAMBA                               '),
(3, 2, 12, 'PAMPACHIRI                              '),
(3, 2, 13, 'SAN ANTONIO DE CACHI                    '),
(3, 2, 14, 'SAN JERONIMO                            '),
(3, 2, 15, 'TALAVERA                                '),
(3, 2, 16, 'TURPO                                   '),
(3, 2, 17, 'PACUCHA                                 '),
(3, 2, 18, 'POMACOCHA                               '),
(3, 2, 20, 'SANTA MARIA DE CHICMO                   '),
(3, 2, 21, 'TUMAY HUARACA                           '),
(3, 2, 22, 'HUAYANA                                 '),
(3, 3, 1, 'ANTABAMBA                               '),
(3, 3, 2, 'HUAQUIRCA                               '),
(3, 3, 3, 'JUAN ESPINOZA MEDRANO                   '),
(3, 3, 4, 'OROPESA                                 '),
(3, 3, 5, 'PACHACONAS                              '),
(3, 3, 6, 'SABAINO                                 '),
(3, 3, 7, 'EL ORO                                  '),
(3, 3, 8, 'AYAHUAY                                 '),
(3, 4, 1, 'CHALHUANCA                              '),
(3, 4, 2, 'COLCABAMBA                              '),
(3, 4, 3, 'COTARUSE                                '),
(3, 4, 4, 'CHAPIMARCA                              '),
(3, 4, 5, 'SANAYCA                                 '),
(3, 4, 6, 'SORAYA                                  '),
(3, 4, 7, 'TAPAIRIHUA                              '),
(3, 4, 8, 'TORAYA                                  '),
(3, 4, 9, 'POCOHUANCA                              '),
(3, 4, 10, 'CAPAYA                                  '),
(3, 4, 11, 'CARAYBAMBA                              '),
(3, 4, 12, 'LUCRE                                   '),
(3, 4, 13, 'HUAYLLO                                 '),
(3, 4, 14, 'TINTAY                                  '),
(3, 4, 15, 'YANACA                                  '),
(3, 4, 16, 'SAN JUAN DE CHACNA                      '),
(3, 4, 17, 'JUSTO APU SAHUARAURA                    '),
(3, 5, 1, 'CHUQUIBAMBILLA                          '),
(3, 5, 4, 'GAMARRA                                 '),
(3, 5, 6, 'HUAYLLATI                               '),
(3, 5, 7, 'MAMARA                                  '),
(3, 5, 10, 'VILCABAMBA                              '),
(3, 5, 11, 'CURPAHUASI                              '),
(3, 5, 12, 'MICAELA BASTIDAS                        '),
(3, 5, 13, 'TURPAY                                  '),
(3, 5, 14, 'PROGRESO                                '),
(3, 5, 15, 'SAN ANTONIO                             '),
(3, 5, 16, 'PATAYPAMPA                              '),
(3, 5, 17, 'VIRUNDO                                 '),
(3, 6, 1, 'TAMBOBAMBA                              '),
(3, 6, 2, 'COTABAMBAS                              '),
(3, 6, 3, 'COYLLURQUI                              '),
(3, 6, 4, 'HAQUIRA                                 '),
(3, 6, 5, 'MARA                                    '),
(3, 7, 1, 'CHINCHEROS                              '),
(3, 7, 2, 'ANCO-HUALLO                             '),
(3, 7, 3, 'COCHARCAS                               '),
(3, 7, 4, 'OCOBAMBA                                '),
(3, 7, 5, 'ONGOY                                   '),
(3, 7, 6, 'HUACCANA                                '),
(3, 7, 7, 'URANMARCA                               '),
(4, 1, 1, 'AREQUIPA                                '),
(4, 1, 2, 'CAYMA                                   '),
(4, 1, 3, 'CHARACATO                               '),
(4, 1, 4, 'CHIGUATA                                '),
(4, 1, 5, 'PAUCARPATA                              '),
(4, 1, 6, 'POCSI                                   '),
(4, 1, 7, 'QUEQUENA                                '),
(4, 1, 8, 'SABANDIA                                '),
(4, 1, 9, 'SACHACA                                 '),
(4, 1, 10, 'SAN JUAN DE SIGUAS                      '),
(4, 1, 11, 'STA. ISABEL DE SIGUAS                   '),
(4, 1, 12, 'STA. RITA DE SIGUAS                     '),
(4, 1, 13, 'SOCABAYA                                '),
(4, 1, 14, 'TIABAYA                                 '),
(4, 1, 15, 'UCHUMAYO                                '),
(4, 1, 16, 'VITOR                                   '),
(4, 1, 17, 'YANAHUARA                               '),
(4, 1, 18, 'YARABAMBA                               '),
(4, 1, 19, 'YURA                                    '),
(4, 1, 20, 'LA JOYA                                 '),
(4, 1, 21, 'MOLLEBAYA                               '),
(4, 1, 22, 'POLOBAYA                                '),
(4, 1, 23, 'CERRO COLORADO                          '),
(4, 1, 24, 'MIRAFLORES                              '),
(4, 1, 25, 'SAN JUAN DE TARUCANI                    '),
(4, 1, 26, 'MARIANO MELGAR                          '),
(4, 1, 27, 'ALTO SELVA ALEGRE                       '),
(4, 2, 1, 'CAMANA                                  '),
(4, 2, 2, 'JOSE MARIA QUIMPER                      '),
(4, 2, 3, 'MRNO. NICOLAS VALCARCEL                 '),
(4, 2, 4, 'MARISCAL CACERES                        '),
(4, 2, 5, 'NICOLAS DE PIEROLA                      '),
(4, 2, 6, 'OCONA                                   '),
(4, 2, 7, 'QUILCA                                  '),
(4, 2, 8, 'SAMUEL PASTOR                           '),
(4, 3, 1, 'CARAVELI                                '),
(4, 3, 2, 'ACARI                                   '),
(4, 3, 3, 'ATICO                                   '),
(4, 3, 4, 'ATIQUIPA                                '),
(4, 3, 5, 'CAHUACHO                                '),
(4, 3, 6, 'CHALA                                   '),
(4, 3, 7, 'CHAPARRA                                '),
(4, 3, 8, 'HUANUHUANU                              '),
(4, 3, 9, 'JAQUI                                   '),
(4, 3, 10, 'LOMAS                                   '),
(4, 3, 11, 'QUICACHA                                '),
(4, 3, 12, 'YAUCA                                   '),
(4, 3, 13, 'BELLA UNION                             '),
(4, 4, 1, 'APLAO                                   '),
(4, 4, 2, 'ANDAGUA                                 '),
(4, 4, 3, 'AYO                                     '),
(4, 4, 4, 'CHACHAS                                 '),
(4, 4, 5, 'CHILCAYMARCA                            '),
(4, 4, 6, 'CHOCO                                   '),
(4, 4, 7, 'HUANCARQUI                              '),
(4, 4, 8, 'MACHAGUAY                               '),
(4, 4, 9, 'ORCOPAMPA                               '),
(4, 4, 10, 'PAMPACOLCA                              '),
(4, 4, 11, 'TIPAN                                   '),
(4, 4, 12, 'URACA                                   '),
(4, 4, 13, 'VIRACO                                  '),
(4, 4, 14, 'UNON                                    '),
(4, 5, 1, 'CHIVAY                                  '),
(4, 5, 2, 'ACHOMA                                  '),
(4, 5, 3, 'CABANACONDE                             '),
(4, 5, 4, 'CALLALLI                                '),
(4, 5, 5, 'COPORAQUE                               '),
(4, 5, 6, 'CAYLLOMA                                '),
(4, 5, 7, 'HUAMBO                                  '),
(4, 5, 8, 'HUANCA                                  '),
(4, 5, 9, 'ICHUPAMPA                               '),
(4, 5, 10, 'LARI                                    '),
(4, 5, 11, 'LLUTA                                   '),
(4, 5, 12, 'MACA                                    '),
(4, 5, 13, 'MADRIGAL                                '),
(4, 5, 14, 'SAN ANTONIO DE CHUCA                    '),
(4, 5, 15, 'SIBAYO                                  '),
(4, 5, 16, 'TAPAY                                   '),
(4, 5, 17, 'TISCO                                   '),
(4, 5, 18, 'TUTI                                    '),
(4, 5, 19, 'YANQUE                                  '),
(4, 6, 1, 'CHUQUIBAMBA                             '),
(4, 6, 2, 'ANDARAY                                 '),
(4, 6, 3, 'CAYARANI                                '),
(4, 6, 4, 'CHICHAS                                 '),
(4, 6, 5, 'IRAY                                    '),
(4, 6, 6, 'SALAMANCA                               '),
(4, 6, 7, 'YANAQUIHUA                              '),
(4, 6, 8, 'RIO GRANDE                              '),
(4, 7, 1, 'MOLLENDO                                '),
(4, 7, 2, 'COCACHACRA                              '),
(4, 7, 3, 'ISLAY                                   '),
(4, 7, 4, 'MEJIA                                   '),
(4, 7, 5, 'PUNTA DE BOMBON                         '),
(4, 7, 6, 'DEAN VALDIVIA                           '),
(4, 8, 1, 'COTAHUASI                               '),
(4, 8, 2, 'ALCA                                    '),
(4, 8, 3, 'CHARCANA                                '),
(4, 8, 4, 'HUAYNACOTAS                             '),
(4, 8, 5, 'PAMPAMARCA                              '),
(4, 8, 6, 'PUYCA                                   '),
(4, 8, 7, 'QUECHUALLA                              '),
(4, 8, 8, 'SAYLA                                   '),
(4, 8, 9, 'TOMEPAMPA                               '),
(4, 8, 10, 'TORO                                    '),
(4, 8, 11, 'TAURIA                                  '),
(5, 1, 1, 'AYACUCHO                                '),
(5, 1, 2, 'ACOS VINCHOS                            '),
(5, 1, 3, 'CARMEN ALTO                             '),
(5, 1, 4, 'CHIARA                                  '),
(5, 1, 5, 'QUINUA                                  '),
(5, 1, 6, 'SANTIAGO DE PISCHA                      '),
(5, 1, 7, 'VINCHOS                                 '),
(5, 1, 8, 'TAMBILLO                                '),
(5, 1, 9, 'SAN JOSE DE TICLLAS                     '),
(5, 1, 10, 'SAN JUAN BAUTISTA                       '),
(5, 1, 11, 'ACOCRO                                  '),
(5, 1, 12, 'SOCOS                                   '),
(5, 1, 13, 'OCROS                                   '),
(5, 1, 14, 'PACAYCASA                               '),
(5, 2, 1, 'CANGALLO                                '),
(5, 2, 3, 'CHUSCHI                                 '),
(5, 2, 6, 'PARAS                                   '),
(5, 2, 7, 'TOTOS                                   '),
(5, 2, 11, 'LOS MOROCHUCOS                          '),
(5, 2, 12, 'MARIA PARADO DE BELLIDO                 '),
(5, 2, 13, 'HUAMBALPA                               '),
(5, 3, 1, 'HUANTA                                  '),
(5, 3, 2, 'HUAMANGUILLA                            '),
(5, 3, 3, 'IGUAIN                                  '),
(5, 3, 4, 'LURICOCHA                               '),
(5, 3, 5, 'SANTILLANA                              '),
(5, 3, 6, 'AYAHUANCO                               '),
(5, 4, 1, 'SAN MIGUEL                              '),
(5, 4, 2, 'ANCO                                    '),
(5, 4, 3, 'AYNA                                    '),
(5, 4, 4, 'CHILCAS                                 '),
(5, 4, 5, 'CHUNGUI                                 '),
(5, 4, 6, 'TAMBO                                   '),
(5, 4, 7, 'LUIS CARRANZA                           '),
(5, 5, 1, 'PUQUIO                                  '),
(5, 5, 2, 'AUCARA                                  '),
(5, 5, 3, 'CABANA                                  '),
(5, 5, 4, 'CARMEN SALCEDO                          '),
(5, 5, 6, 'CHAVINA                                 '),
(5, 5, 8, 'CHIPAO                                  '),
(5, 5, 10, 'HUAC-HUAS                               '),
(5, 5, 11, 'LARAMATE                                '),
(5, 5, 12, 'LEONCIO PRADO                           '),
(5, 5, 13, 'LUCANAS                                 '),
(5, 5, 14, 'LLAUTA                                  '),
(5, 5, 15, 'OCANA                                   '),
(5, 5, 16, 'OTOCA                                   '),
(5, 5, 19, 'SANCOS                                  '),
(5, 5, 20, 'SAN JUAN                                '),
(21, 4, 1, 'JULI                                    '),
(21, 4, 2, 'DESAGUADERO                             '),
(21, 4, 3, 'HUACULLANI                              '),
(21, 4, 4, 'ILAVE                                   '),
(21, 4, 5, 'PISACOMA                                '),
(21, 4, 6, 'POMATA                                  '),
(21, 4, 7, 'SANTA ROSA                              '),
(21, 4, 9, 'ZEPITA                                  '),
(21, 4, 10, 'PILCUYO                                 '),
(21, 4, 12, 'KELLUYO                                 '),
(21, 4, 13, 'CAPASO                                  '),
(21, 5, 1, 'HUANCANE                                '),
(21, 5, 2, 'COJATA                                  '),
(21, 5, 3, 'CONIMA                                  '),
(21, 5, 4, 'INCHUPALLA                              '),
(21, 5, 5, 'MOHO                                    '),
(21, 5, 6, 'PUSI                                    '),
(21, 5, 7, 'ROSASPATA                               '),
(21, 5, 8, 'TARACO                                  '),
(21, 5, 9, 'VILQUE CHICO                            '),
(21, 5, 11, 'HUATASANI                               '),
(21, 6, 1, 'LAMPA                                   '),
(21, 6, 2, 'CABANILLA                               '),
(21, 6, 3, 'CALAPUJA                                '),
(21, 6, 4, 'NICASIO                                 '),
(21, 6, 5, 'OCUVIRI                                 '),
(21, 6, 6, 'PALCA                                   '),
(21, 6, 7, 'PUCARA                                  '),
(21, 6, 8, 'SANTA LUCIA                             '),
(21, 6, 9, 'VILAVILA                                '),
(21, 6, 10, 'PARATIA                                 '),
(21, 7, 1, 'AYAVIRI                                 '),
(21, 7, 2, 'ANTAUTA                                 '),
(21, 7, 3, 'CUPI                                    '),
(21, 7, 4, 'LLALLI                                  '),
(21, 7, 5, 'MACARI                                  '),
(21, 7, 6, 'NUNOA                                   '),
(21, 7, 7, 'ORURILLO                                '),
(21, 7, 8, 'SANTA ROSA                              '),
(21, 7, 9, 'UMACHIRI                                '),
(21, 8, 1, 'SANDIA                                  '),
(21, 8, 3, 'CUYOCUYO                                '),
(21, 8, 4, 'LIMBANI                                 '),
(21, 8, 5, 'PATAMBUCO                               '),
(21, 8, 6, 'PHARA                                   '),
(21, 8, 7, 'QUIACA                                  '),
(21, 8, 9, 'SAN JUAN DEL ORO                        '),
(21, 8, 10, 'YANAHUAYA                               '),
(21, 9, 1, 'JULIACA                                 '),
(21, 9, 2, 'CABANA                                  '),
(21, 9, 3, 'CARACOTO                                '),
(21, 9, 4, 'CABANILLAS                              '),
(21, 10, 1, 'YUNGUYO                                 '),
(21, 10, 2, 'ANAPIA                                  '),
(21, 10, 3, 'COPANI                                  '),
(21, 10, 4, 'CUTURAPI                                '),
(21, 10, 5, 'OLLARAYA                                '),
(21, 10, 6, 'TINICACHI                               '),
(21, 10, 7, 'UNICACHI                                '),
(21, 11, 1, 'PUTINA                                  '),
(21, 11, 2, 'ANANEA                                  '),
(21, 11, 3, 'PEDRO VILCA APAZA                       '),
(21, 11, 4, 'QUILCAPUNCU                             '),
(21, 11, 5, 'SINA                                    '),
(21, 12, 1, 'MOHO                                    '),
(22, 1, 1, 'MOYOBAMBA                               '),
(22, 1, 2, 'CALZADA                                 '),
(22, 1, 3, 'HABANA                                  '),
(22, 1, 4, 'JEPELACIO                               '),
(22, 1, 5, 'SORITOR                                 '),
(22, 1, 6, 'YANTALO                                 '),
(22, 2, 1, 'SAPOSOA                                 '),
(22, 2, 4, 'PISCOYACU                               '),
(22, 2, 5, 'SACANCHE                                '),
(22, 2, 8, 'TINGO DE SAPOSOA                        '),
(22, 2, 9, 'ALTO SAPOSOA                            '),
(22, 2, 10, 'EL ESLABON                              '),
(22, 3, 1, 'LAMAS                                   '),
(22, 3, 2, 'AGUA BLANCA                             '),
(22, 3, 3, 'CAYNARACHI                              '),
(22, 3, 4, 'CUNUMBUQUI                              '),
(22, 3, 5, 'RUMISAPA                                '),
(22, 3, 6, 'SAN JOSE DE SISA                        '),
(22, 3, 7, 'TABALOSOS                               '),
(22, 3, 8, 'SHANAO                                  '),
(22, 3, 9, 'ZAPATERO                                '),
(22, 3, 10, 'PINTO RECODO                            '),
(22, 3, 11, 'BARRANQUITA                             '),
(22, 3, 12, 'SANTA ROSA                              '),
(22, 3, 13, 'SHATOJA                                 '),
(22, 3, 14, 'SAN MARTIN                              '),
(22, 3, 15, 'ALONSO DE ALVARADO                      '),
(22, 3, 16, 'SAN ROQUE DE CUMBAZA                    '),
(22, 4, 1, 'JUANJUI                                 '),
(22, 4, 2, 'HUICUNGO                                '),
(22, 4, 3, 'PACHIZA                                 '),
(22, 4, 6, 'CAMPANILLA                              '),
(22, 4, 7, 'PAJARILLO                               '),
(22, 5, 1, 'RIOJA                                   '),
(22, 5, 2, 'POSIC                                   '),
(22, 5, 3, 'YORONGOS                                '),
(22, 5, 4, 'YURACYACU                               '),
(22, 5, 5, 'AWAJUN                                  '),
(22, 5, 6, 'ELIAS SOPLIN VARGAS                     '),
(22, 5, 7, 'NUEVA CAJAMARCA                         '),
(22, 5, 8, 'PARDO MIGUEL                            '),
(22, 5, 9, 'SAN FERNANDO                            '),
(22, 6, 1, 'TARAPOTO                                '),
(22, 6, 3, 'CACATACHI                               '),
(22, 6, 5, 'CHAZUTA                                 '),
(22, 6, 6, 'CHIPURANA                               '),
(22, 6, 7, 'JUAN GUERRA                             '),
(22, 6, 8, 'MORALES                                 '),
(22, 6, 9, 'PAPAPLAYA                               '),
(22, 6, 13, 'SAN ANTONIO                             '),
(22, 6, 15, 'SAUCE                                   '),
(22, 6, 16, 'SHAPAJA                                 '),
(22, 6, 17, 'HUIMBAYOC                               '),
(22, 6, 21, 'LA BANDA DE SHILCAYO                    '),
(22, 6, 22, 'ALBERTO LEVEAU                          '),
(22, 6, 23, 'EL PORVENIR                             '),
(22, 7, 1, 'BELLAVISTA                              '),
(22, 7, 2, 'ALTO BIAVO                              '),
(22, 7, 3, 'BAJO BIAVO                              '),
(22, 7, 4, 'HUALLAGA                                '),
(22, 7, 5, 'SAN PABLO                               '),
(22, 7, 6, 'SAN RAFAEL                              '),
(22, 8, 1, 'PICOTA                                  '),
(22, 8, 2, 'BUENOS AIRES                            '),
(22, 8, 3, 'CASPISAPA                               '),
(22, 8, 4, 'PILLUANA                                '),
(22, 8, 5, 'PUCACACA                                '),
(22, 8, 6, 'SAN CRISTOBAL                           '),
(22, 8, 7, 'SAN HILARION                            '),
(22, 8, 8, 'SHAMBUYACU                              '),
(22, 8, 9, 'TINGO DE PONASA                         '),
(22, 8, 10, 'TRES UNIDOS                             '),
(22, 9, 1, 'TOCACHE                                 '),
(22, 9, 2, 'NUEVO PROGRESO                          '),
(22, 9, 3, 'POLVORA                                 '),
(22, 9, 4, 'SHUNTE                                  '),
(22, 9, 5, 'UCHIZA                                  '),
(23, 1, 1, 'TACNA                                   '),
(23, 1, 2, 'CALANA                                  '),
(23, 1, 5, 'PACHIA                                  '),
(23, 1, 6, 'SAMA                                    '),
(23, 1, 7, 'INCLAN                                  '),
(23, 1, 8, 'POCOLLAY                                '),
(23, 1, 9, 'PALCA                                   '),
(23, 1, 11, 'ALTO DE LA ALIANZA                      '),
(23, 2, 1, 'TARATA                                  '),
(23, 2, 4, 'ESTIQUE                                 '),
(23, 2, 6, 'TARUCACHI                               '),
(23, 2, 7, 'TICACO                                  '),
(23, 2, 9, 'CHUCATAMANI                             '),
(23, 2, 10, 'SUSAPAYA                                '),
(23, 2, 12, 'SITAJARA                                '),
(23, 2, 13, 'ESTIQUE-PAMPA                           '),
(23, 3, 1, 'LOCUMBA                                 '),
(23, 3, 2, 'ILABAYA                                 '),
(23, 3, 3, 'ITE                                     '),
(23, 4, 1, 'CANDARAVE                               '),
(23, 4, 2, 'CAIRANI                                 '),
(23, 4, 3, 'CAMILACA                                '),
(23, 4, 4, 'CURIBAYA                                '),
(23, 4, 5, 'HUANUARA                                '),
(23, 4, 6, 'QUILAHUANI                              '),
(24, 1, 1, 'TUMBES                                  '),
(24, 1, 2, 'CORRALES                                '),
(24, 1, 3, 'SAN JUAN DE LA VIRGEN                   '),
(24, 1, 4, 'SAN JACINTO                             '),
(24, 1, 5, 'PAMPAS DE HOSPITAL                      '),
(24, 1, 6, 'LA CRUZ                                 '),
(24, 2, 1, 'ZORRITOS                                '),
(24, 2, 2, 'CASITAS                                 '),
(24, 3, 1, 'ZARUMILLA                               '),
(24, 3, 2, 'MATAPALO                                '),
(24, 3, 3, 'PAPAYAL                                 '),
(24, 3, 4, 'AGUAS VERDES                            '),
(25, 1, 1, 'CALLARIA                                '),
(25, 1, 2, 'IPARIA                                  '),
(25, 1, 3, 'MASISEA                                 '),
(25, 1, 8, 'YARINACOCHA                             '),
(25, 1, 10, 'CAMPOVERDE                              '),
(25, 2, 1, 'PUCALLPA                                '),
(25, 3, 1, 'RAYMONDI                                '),
(25, 3, 2, 'SEPAHUA                                 '),
(25, 3, 3, 'TAHUANIA                                '),
(25, 3, 4, 'YURUA                                   '),
(25, 4, 1, 'PADRE ABAD                              '),
(25, 4, 2, 'IRAZOLA                                 '),
(25, 5, 1, 'PURUS                                   '),
(99, 99, 99, 'CANADA                                  '),
(6, 1, 3, 'COSPAN                                  '),
(6, 1, 4, 'CHETILLA                                '),
(6, 1, 5, 'ENCANADA                                '),
(6, 1, 7, 'JESUS                                   '),
(6, 1, 8, 'LLACANORA                               '),
(6, 1, 9, 'MAGDALENA                               '),
(6, 1, 10, 'MATARA                                  '),
(6, 1, 11, 'NAMORA                                  '),
(6, 1, 12, 'SAN JUAN                                '),
(6, 1, 15, 'LOS BANOS DEL INCA                      '),
(6, 2, 1, 'CAJABAMBA                               '),
(6, 2, 2, 'CACHACHI                                '),
(6, 2, 3, 'CONDEBAMBA                              '),
(6, 2, 5, 'SITACOCHA                               '),
(6, 3, 1, 'CELENDIN                                '),
(6, 3, 2, 'CORTEGANA                               '),
(6, 3, 3, 'CHUMUCH                                 '),
(6, 3, 4, 'HUASMIN                                 '),
(6, 3, 5, 'JORGE CHAVEZ                            '),
(6, 3, 6, 'JOSE GALVEZ                             '),
(6, 3, 7, 'MIGUEL IGLESIAS                         '),
(6, 3, 8, 'OXAMARCA                                '),
(6, 3, 9, 'SOROCHUCO                               '),
(6, 3, 10, 'SUCRE                                   '),
(6, 3, 11, 'UTCO                                    '),
(6, 4, 1, 'CONTUMAZA                               '),
(6, 4, 3, 'CHILETE                                 '),
(6, 4, 4, 'GUZMANGO                                '),
(6, 4, 5, 'SAN BENITO                              '),
(6, 4, 7, 'CUPISNIQUE                              '),
(6, 4, 8, 'TANTARICA                               '),
(6, 4, 9, 'YONAN                                   '),
(6, 4, 10, 'SANTA CRUZ DE TOLED                     '),
(6, 5, 1, 'CUTERVO                                 '),
(6, 5, 2, 'CALLAYUC                                '),
(6, 5, 3, 'CUJILLO                                 '),
(6, 5, 4, 'CHOROS                                  '),
(6, 5, 5, 'PIMPINGOS                               '),
(6, 5, 6, 'QUEROCOTILLO                            '),
(6, 5, 7, 'SAN LUIS DE LUCMA                       '),
(6, 5, 8, 'SANTO TOMAS                             '),
(6, 5, 9, 'SOCOTA                                  '),
(6, 5, 10, 'TORIBIO CASANOVA                        '),
(6, 5, 11, 'SANTO DOMINGO DE LA CAPILLA             '),
(6, 5, 12, 'STA. CRUZ                               '),
(6, 5, 13, 'SAN JUAN DE CUTERVO                     '),
(6, 5, 14, 'SAN ANDRES DE CUTERVO                   '),
(6, 5, 15, 'LA RAMADA                               '),
(6, 6, 1, 'CHOTA                                   '),
(6, 6, 2, 'ANGUIA                                  '),
(6, 6, 3, 'COCHABAMBA                              '),
(6, 6, 4, 'CONCHAN                                 '),
(6, 6, 5, 'CHADIN                                  '),
(6, 6, 6, 'CHIGUIRIP                               '),
(6, 6, 7, 'CHIMBAN                                 '),
(6, 6, 8, 'HUAMBOS                                 '),
(6, 6, 9, 'LAJAS                                   '),
(6, 6, 10, 'LLAMA                                   '),
(6, 6, 11, 'MIRACOSTA                               '),
(6, 6, 12, 'PACCHA                                  '),
(6, 6, 13, 'PION                                    '),
(6, 6, 14, 'QUEROCOTO                               '),
(6, 6, 15, 'TACABAMBA                               '),
(6, 6, 16, 'TOCMOCHE                                '),
(6, 6, 17, 'SAN JUAN DE LICUPIS                     '),
(6, 7, 1, 'BAMBAMARCA                              '),
(6, 7, 2, 'CHUGUR                                  '),
(6, 7, 3, 'HUALGAYOC                               '),
(6, 8, 1, 'JAEN                                    '),
(6, 8, 2, 'BELLAVISTA                              '),
(6, 8, 3, 'COLASAY                                 '),
(6, 8, 5, 'CHONTALI                                '),
(6, 8, 7, 'POMAHUACA                               '),
(6, 8, 8, 'SALLIQUE                                '),
(6, 8, 9, 'SAN FELIPE                              '),
(6, 8, 12, 'SAN JOSE DEL ALTO                       '),
(6, 8, 15, 'PUCARA                                  '),
(6, 8, 16, 'STA. ROSA                               '),
(6, 8, 17, 'LAS PIRIAS                              '),
(6, 8, 18, 'HUABAL                                  '),
(6, 9, 1, 'STA. CRUZ                               '),
(6, 9, 2, 'CATACHE                                 '),
(6, 9, 3, 'CHANCAYBANOS                            '),
(6, 9, 4, 'LA ESPERANZA                            '),
(6, 9, 5, 'NINABAMBA                               '),
(6, 9, 6, 'PULAN                                   '),
(6, 9, 7, 'SEXI                                    '),
(6, 9, 8, 'UTICYACU                                '),
(6, 9, 9, 'YAUYUCAN                                '),
(6, 9, 10, 'ANDABAMBA                               '),
(6, 9, 11, 'SAUCEPAMPA                              '),
(6, 10, 1, 'SAN MIGUEL                              '),
(6, 10, 2, 'NANCHOC                                 '),
(6, 10, 3, 'NIEPOS                                  '),
(6, 10, 4, 'SAN GREGORIO                            '),
(6, 10, 5, 'LLAPA                                   '),
(6, 10, 6, 'CALQUIS                                 '),
(6, 10, 7, 'LA FLORIDA                              '),
(6, 10, 8, 'SAN SILVESTRE DE COCHAN                 '),
(6, 10, 9, 'EL PRADO                                '),
(6, 10, 10, 'UNION AGUA BLANCA                       '),
(6, 10, 11, 'TONGOD                                  '),
(6, 10, 12, 'CATILLUC                                '),
(6, 11, 1, 'SAN IGNACIO                             '),
(6, 11, 2, 'CHIRINOS                                '),
(6, 11, 3, 'NAMBALLE                                '),
(6, 11, 4, 'SAN JOSE DE LOURDES                     '),
(6, 11, 6, 'TABACONAS                               '),
(6, 11, 7, 'HUARANGO                                '),
(6, 11, 8, 'LA COIPA                                '),
(6, 12, 1, 'SAN PABLO                               '),
(6, 12, 2, 'SAN BERNARDINO                          '),
(6, 12, 3, 'SAN LUIS                                '),
(6, 12, 4, 'TUMBADEN                                '),
(6, 13, 1, 'PEDRO GALVEZ                            '),
(6, 13, 2, 'ICHOCAN                                 '),
(6, 13, 3, 'JOSE SABOGAL                            '),
(6, 13, 4, 'GREGORIO PITA                           '),
(6, 13, 5, 'JOSE MANUEL QUIROZ                      '),
(6, 13, 6, 'EDUARDO VILLANUEVA                      '),
(8, 1, 1, 'CUSCO                                   '),
(8, 1, 2, 'CCORCA                                  '),
(8, 1, 3, 'POROY                                   '),
(8, 1, 4, 'SAN JERONIMO                            '),
(8, 1, 5, 'SAN SEBASTIAN                           '),
(8, 1, 6, 'SAYLLA                                  '),
(8, 1, 7, 'SANTIAGO                                '),
(8, 1, 8, 'WANCHAQ                                 '),
(8, 2, 1, 'ACOMAYO                                 '),
(8, 2, 2, 'ACOPIA                                  '),
(8, 2, 3, 'ACOS                                    '),
(8, 2, 4, 'POMACANCHI                              '),
(9, 4, 3, 'AURAHUA                                 '),
(9, 4, 5, 'CAPILLAS                                '),
(9, 4, 6, 'COCAS                                   '),
(9, 4, 8, 'CHUPAMARCA                              '),
(9, 4, 9, 'HUACHOS                                 '),
(9, 4, 10, 'HUAMATAMBO                              '),
(9, 4, 16, 'SAN JUAN                                '),
(9, 4, 19, 'TANTARA                                 '),
(9, 4, 20, 'TICRAPO                                 '),
(9, 4, 21, 'MOLLEPAMPA                              '),
(9, 4, 29, 'SANTA ANA                               '),
(9, 5, 1, 'PAMPAS                                  '),
(9, 5, 2, 'ACOSTAMBO                               '),
(9, 5, 4, 'COLCABAMBA                              '),
(9, 5, 6, 'HUARIBAMBA                              '),
(9, 5, 9, 'NAHUIMPUQUIO                            '),
(9, 5, 11, 'SALCABAMBA                              '),
(9, 5, 12, 'SURCUBAMBA                              '),
(9, 5, 13, 'HUACHOCOLPA                             '),
(9, 5, 14, 'PAZOS                                   '),
(9, 5, 15, 'ACRAQUIA                                '),
(9, 5, 16, 'AHUAYCHA                                '),
(9, 5, 19, 'DANIEL HERNANDEZ                        '),
(9, 5, 20, 'QUISHUAR                                '),
(9, 5, 21, 'SAN MARCOS DE ROCCHAC                   '),
(9, 5, 25, 'TINTAY PUNCU                            '),
(9, 5, 26, 'SALCAHUASI                              '),
(9, 6, 1, 'HUAYTARA                                '),
(9, 6, 2, 'AYAVI                                   '),
(9, 6, 3, 'CORDOVA                                 '),
(9, 6, 4, 'HUAYACUNDO ARMA                         '),
(9, 6, 5, 'LARAMARCA                               '),
(9, 6, 6, 'OCOYO                                   '),
(9, 6, 7, 'PILPICHACA                              '),
(9, 6, 8, 'QUERCO                                  '),
(9, 6, 9, 'QUITO-ARMA                              '),
(9, 6, 10, 'SAN ANTONIO DE CUSICANCHA               '),
(9, 6, 11, 'SAN FCO. DE SANGAYAICO                  '),
(9, 6, 12, 'SAN ISIDRO                              '),
(9, 6, 13, 'SANTIAGO DE CHOCORVOS                   '),
(9, 6, 14, 'SANTIAGO DE QUIRAHUARA                  '),
(9, 6, 15, 'SANTO DOMINGO DE CAPILLAS               '),
(9, 6, 16, 'TAMBO                                   '),
(9, 7, 1, 'CHURCAMPA                               '),
(9, 7, 2, 'ANCO                                    '),
(9, 7, 3, 'CHINCHIHUASI                            '),
(9, 7, 4, 'EL CARMEN                               '),
(9, 7, 5, 'LA MERCED                               '),
(9, 7, 6, 'LOCROJA                                 '),
(9, 7, 7, 'PAUCARBAMBA                             '),
(9, 7, 8, 'SAN MIGUEL DE MAYOCC                    '),
(9, 7, 9, 'SAN PEDRO DE CORIS                      '),
(9, 7, 10, 'PACHAMARCA                              '),
(10, 1, 1, 'HUANUCO                                 '),
(10, 1, 2, 'CHINCHAO                                '),
(10, 1, 3, 'CHURUBAMBA                              '),
(10, 1, 4, 'MARGOS                                  '),
(10, 1, 6, 'SAN PEDRO DE CHAULAN                    '),
(10, 1, 7, 'STA. MARIA DEL VALLE                    '),
(10, 1, 8, 'YARUMAYO                                '),
(10, 1, 9, 'SAN FCO.DE CAYRAN                       '),
(10, 1, 10, 'QUISQUI                                 '),
(10, 1, 11, 'AMARILIS                                '),
(10, 2, 1, 'AMBO                                    '),
(10, 2, 2, 'CAYNA                                   '),
(10, 2, 3, 'CONCHAMARCA                             '),
(10, 2, 4, 'HUACAR                                  '),
(10, 2, 5, 'SAN FRANCISCO                           '),
(10, 2, 6, 'SAN RAFAEL                              '),
(10, 2, 7, 'TOMAY KICHWA                            '),
(10, 2, 8, 'COLPAS                                  '),
(1, 2, 2, 'BAGUA                                   '),
(16, 1, 15, 'SAN JUAN BAUTISTA                       '),
(5, 5, 21, 'SAN PEDRO                               '),
(5, 5, 22, 'SANTA LUCIA                             '),
(5, 5, 25, 'STA. ANA DE HUAYCAHUACHO                '),
(5, 5, 28, 'SAISA                                   '),
(5, 5, 30, 'SAN PEDRO DE PALCO                      '),
(5, 5, 32, 'SAN CRISTOBAL                           '),
(5, 6, 1, 'CORACORA                                '),
(5, 6, 4, 'CHUMPI                                  '),
(5, 6, 7, 'PACAPAUSA                               '),
(5, 6, 10, 'PULLO                                   '),
(5, 6, 12, 'PUYUSCA                                 '),
(5, 6, 13, 'CORONEL CASTANEDA                       '),
(5, 6, 15, 'SAN FCO.DE RAVACAYCO                    '),
(5, 6, 16, 'UPAHUACHO                               '),
(5, 7, 1, 'HUANCAPI                                '),
(5, 7, 2, 'APONGO                                  '),
(5, 7, 3, 'CANARIA                                 '),
(5, 7, 5, 'COLCA                                   '),
(5, 7, 6, 'HUAMANQUIQUIA                           '),
(5, 7, 7, 'HUANCARAYLLA                            '),
(5, 7, 8, 'HUAYA                                   '),
(5, 7, 10, 'SARHUA                                  '),
(5, 7, 11, 'VILCANCHOS                              '),
(5, 7, 12, 'ALCAMENCA                               '),
(5, 7, 13, 'CAYARA                                  '),
(5, 7, 14, 'ASQUIPATA                               '),
(5, 8, 1, 'SANCOS                                  '),
(5, 8, 2, 'CARAPO                                  '),
(5, 8, 3, 'SACSAMARCA                              '),
(5, 8, 4, 'SANTIAGO DE LUCANAMARCA                 '),
(5, 9, 1, 'VILCAS HUAMAN                           '),
(5, 9, 2, 'ACCOMARCA                               '),
(5, 9, 3, 'CARHUANCA                               '),
(5, 9, 4, 'CONCEPCION                              '),
(5, 9, 5, 'HUAMBALPA                               '),
(5, 9, 6, 'VISCHONGO                               '),
(5, 9, 7, 'SAURAMA                                 '),
(5, 9, 8, 'INDEPENDENCIA                           '),
(5, 10, 1, 'PAUSA                                   '),
(5, 10, 2, 'COLTA                                   '),
(5, 10, 3, 'CORCULLA                                '),
(5, 10, 4, 'LAMPA                                   '),
(5, 10, 5, 'MARCABAMBA                              '),
(5, 10, 6, 'OYOLO                                   '),
(5, 10, 7, 'PARARCA                                 '),
(5, 10, 8, 'SAN JOSE DE USHUA                       '),
(5, 10, 9, 'SAN JAVIER DE ALPABAMBA                 '),
(5, 10, 10, 'SARA SARA                               '),
(5, 11, 1, 'QUEROBAMBA                              '),
(5, 11, 2, 'BELEN                                   '),
(5, 11, 3, 'CHALCOS                                 '),
(5, 11, 4, 'CHILCAYOC                               '),
(5, 11, 5, 'HUACANA                                 '),
(5, 11, 6, 'MORCOLLA                                '),
(5, 11, 7, 'PAICO                                   '),
(5, 11, 8, 'SAN PEDRO DE LARCAY                     '),
(5, 11, 9, 'SAN SALVADOR DE QUIJE                   '),
(5, 11, 10, 'SORAS                                   '),
(5, 11, 11, 'SANTIAGO DE PAUCARAY                    '),
(6, 1, 1, 'CAJAMARCA                               '),
(6, 1, 2, 'ASUNCION                                '),
(4, 1, 28, 'JOSE LUIS BUSTAMANTE Y RIVERO           '),
(23, 1, 12, 'CRL. GREG. ALBARRACIN LANCHIPA          '),
(10, 1, 12, 'PILLCO MARCA                            '),
(2, 12, 9, 'NUEVO CHIMBOTE                          '),
(5, 1, 16, 'ANDRES AVELINO CACERES                  '),
(8, 9, 9, 'LUCMA                                   '),
(8, 9, 10, 'PICHARI                                 '),
(13, 11, 1, 'CHAO                                    '),
(2, 21, 1, 'OCROS                                   '),
(2, 21, 2, 'ACAS                                    '),
(2, 21, 3, 'CAJAMARQUILLA                           '),
(2, 21, 4, 'CARHUAPAMPA                             '),
(2, 21, 5, 'COCHAS                                  '),
(2, 21, 6, 'CONGAS                                  '),
(2, 21, 7, 'LLIPA                                   '),
(2, 21, 8, 'SAN CRISTOBAL DE RAJAN                  '),
(2, 21, 9, 'SAN PEDRO                               '),
(2, 21, 10, 'SANTIAGO DE CHILCAS                     '),
(17, 2, 4, 'HUEPETUHE                               '),
(15, 1, 45, 'VENTANILLA                              ');

-- --------------------------------------------------------

--
-- Estructura de tabla para la tabla `tdocumento`
--

CREATE TABLE `tdocumento` (
  `codi_docu_doc` int NOT NULL,
  `nomb_docu_doc` varchar(50) NOT NULL
) ENGINE=InnoDB DEFAULT CHARSET=utf8mb3;

--
-- Volcado de datos para la tabla `tdocumento`
--

INSERT INTO `tdocumento` (`codi_docu_doc`, `nomb_docu_doc`) VALUES
(1, 'D.N.I'),
(2, 'CARNET DE EXTRANJERIA'),
(3, 'PASAPORTE');

-- --------------------------------------------------------

--
-- Estructura de tabla para la tabla `tdonaciones`
--

CREATE TABLE `tdonaciones` (
  `codi_tdon_tdo` int NOT NULL,
  `desc_tdon_tdo` varchar(500) NOT NULL,
  `cont_tdon_tdo` varchar(250) NOT NULL,
  `orde_comp_tdo` varchar(50) NOT NULL,
  `cost_dona_tdo` varchar(50) NOT NULL,
  `cant_tdon_tdo` varchar(10) NOT NULL,
  `dest_dona_tdo` varchar(250) NOT NULL,
  `inst_dona_tdo` varchar(250) NOT NULL,
  `agen_dona_tdo` varchar(250) NOT NULL,
  `codi_proy_tpr` int NOT NULL,
  `nomb_proy_tpr` varchar(250) NOT NULL
) ENGINE=InnoDB DEFAULT CHARSET=utf8mb3;

-- --------------------------------------------------------

--
-- Estructura de tabla para la tabla `tevento`
--

CREATE TABLE `tevento` (
  `codi_even_eve` int NOT NULL,
  `nomb_even_eve` varchar(250) NOT NULL,
  `nomb_part_eve` varchar(50) DEFAULT NULL,
  `desc_even_eve` varchar(500) NOT NULL,
  `tipo_even_tev` int NOT NULL,
  `fech_even_eve` date DEFAULT NULL,
  `fech_fin_eve` date DEFAULT NULL
) ENGINE=InnoDB DEFAULT CHARSET=utf8mb3;

--
-- Volcado de datos para la tabla `tevento`
--

INSERT INTO `tevento` (`codi_even_eve`, `nomb_even_eve`, `nomb_part_eve`, `desc_even_eve`, `tipo_even_tev`, `fech_even_eve`, `fech_fin_eve`) VALUES
(3, 'proyecto', 'JOSE VILLA...', 'proyecto......', 3, '2023-12-05', '2023-12-12'),
(4, 'JH....', 'hola...', 'asda.....', 3, '2023-12-11', '2023-12-12'),
(5, 'JH', 'hola', 'asda', 2, '2023-12-01', '2023-12-27');

-- --------------------------------------------------------

--
-- Estructura de tabla para la tabla `tfinanciamiento`
--

CREATE TABLE `tfinanciamiento` (
  `codi_tfin_tfi` int DEFAULT NULL,
  `nomb_tfin_tfi` varchar(15) DEFAULT NULL
) ENGINE=InnoDB DEFAULT CHARSET=utf8mb3;

--
-- Volcado de datos para la tabla `tfinanciamiento`
--

INSERT INTO `tfinanciamiento` (`codi_tfin_tfi`, `nomb_tfin_tfi`) VALUES
(1, 'OIEA'),
(2, 'DOE');

-- --------------------------------------------------------

--
-- Estructura de tabla para la tabla `tinstitucion`
--

CREATE TABLE `tinstitucion` (
  `codi_inst_int` int NOT NULL,
  `nomb_inst_int` varchar(500) NOT NULL
) ENGINE=InnoDB DEFAULT CHARSET=utf8mb3;

--
-- Volcado de datos para la tabla `tinstitucion`
--

INSERT INTO `tinstitucion` (`codi_inst_int`, `nomb_inst_int`) VALUES
(1, 'SAN MARCOS'),
(2, 'VILLA REAL'),
(3, 'UNI');

-- --------------------------------------------------------

--
-- Estructura de tabla para la tabla `tnacionalidad`
--

CREATE TABLE `tnacionalidad` (
  `codi_naci_tna` int NOT NULL,
  `nomb_naci_tna` varchar(50) NOT NULL
) ENGINE=InnoDB DEFAULT CHARSET=utf8mb3;

--
-- Volcado de datos para la tabla `tnacionalidad`
--

INSERT INTO `tnacionalidad` (`codi_naci_tna`, `nomb_naci_tna`) VALUES
(1, 'Interno'),
(2, 'Externo');

-- --------------------------------------------------------

--
-- Estructura de tabla para la tabla `tpais`
--

CREATE TABLE `tpais` (
  `codi_pais_pais` int NOT NULL,
  `nomb_pais_pais` varchar(250) NOT NULL,
  `naci_pais_pais` varchar(15) NOT NULL,
  `codi_tciu_tci` int NOT NULL
) ENGINE=InnoDB DEFAULT CHARSET=utf8mb3;

--
-- Volcado de datos para la tabla `tpais`
--

INSERT INTO `tpais` (`codi_pais_pais`, `nomb_pais_pais`, `naci_pais_pais`, `codi_tciu_tci`) VALUES
(3000, 'AFRICA', 'null', 0),
(3001, 'ANGOLA                        ', 'null', 0),
(3002, 'ARGELIA                       ', 'null', 0),
(3003, 'BENIN                         ', 'null', 0),
(3004, 'BOTSWANA                      ', 'null', 0),
(3005, 'BURKINA PASO                  ', 'null', 0),
(3006, 'BURUNDI                       ', 'null', 0),
(3007, 'CABO VERDE                    ', 'null', 0),
(3008, 'CAMERUN                       ', 'null', 0),
(3009, 'CHAD                          ', 'null', 0),
(3010, 'CONGO REP DEL                 ', 'null', 0),
(3011, 'VOSTA DE MARFIL               ', 'null', 0),
(3013, 'EGIPTO                        ', 'null', 0),
(3014, 'ETIOPIA                       ', 'null', 0),
(3015, 'GABON                         ', 'null', 0),
(3016, 'GAMBIA                        ', 'null', 0),
(3017, 'GHANA                         ', 'null', 0),
(3018, 'GUINEA                        ', 'null', 0),
(3019, 'GUINEA ECUATORIAL             ', 'null', 0),
(3020, 'GUINEA BISSAU                 ', 'null', 0),
(3021, 'ISLAS COMORES                 ', 'null', 0),
(3022, 'KENYA                         ', 'null', 0),
(3023, 'LESOTHO                       ', 'null', 0),
(3024, 'LIBERIA                       ', 'null', 0),
(3025, 'LIBIA                         ', 'null', 0),
(3026, 'MADAGASCAR                    ', 'null', 0),
(3027, 'MALAWI                        ', 'null', 0),
(3028, 'MALI                          ', 'null', 0),
(3029, 'MARRUECOS                     ', 'null', 0),
(3030, 'MAURITANIA                    ', 'null', 0),
(3031, 'MOZAMBIQUE                    ', 'null', 0),
(3032, 'NAMIBIA                       ', 'null', 0),
(3033, 'NIGER                         ', 'null', 0),
(3034, 'NIGERIA                       ', 'null', 0),
(3035, 'REP. CENTROAFRICANA           ', 'null', 0),
(3036, 'RUANDA                        ', 'null', 0),
(3037, 'SANTO TOME Y PRINCIPE         ', 'null', 0),
(3038, 'SENEGAL                       ', 'null', 0),
(3039, 'SEYCHELLES                    ', 'null', 0),
(3040, 'SIERRA LEONA                  ', 'null', 0),
(3041, 'SOMALIA                       ', 'null', 0),
(3042, 'SUAZILANDIA                   ', 'null', 0),
(3043, 'SUDAFRICA                     ', 'null', 0),
(3044, 'SUDAN                         ', 'null', 0),
(3045, 'TANZANIA                      ', 'null', 0),
(3046, 'TOGO                          ', 'null', 0),
(3047, 'TUNEZ                         ', 'null', 0),
(3048, 'UGANDA                        ', 'null', 0),
(3049, 'ZAIRE                         ', 'null', 0),
(3050, 'ZAMBIA                        ', 'null', 0),
(3051, 'ZIMBABWE                      ', 'null', 0),
(3099, 'OTROS PAISES DE AFRICA        ', 'null', 0),
(4000, 'AMERICA                       ', 'null', 0),
(4001, 'ANTIGUA BERMUDA               ', 'null', 0),
(4002, 'ARGENTINA                     ', 'null', 0),
(4003, 'BAHAMAS                       ', 'null', 0),
(4004, 'BARBADOS                      ', 'null', 0),
(4005, 'BELICE                        ', 'null', 0),
(4006, 'BOLIVIA                       ', 'null', 0),
(4007, 'BRASIL                        ', 'null', 0),
(4008, 'CANADA                        ', 'null', 0),
(4009, 'CHILE                         ', 'null', 0),
(4010, 'COLOMBIA                      ', 'null', 0),
(4011, 'COSTA RICA                    ', 'null', 0),
(4012, 'CUBA                          ', 'null', 0),
(4013, 'DOMINICA                      ', 'null', 0),
(4014, 'ECUADOR                       ', 'null', 0),
(4015, 'EL SALVADOR                   ', 'null', 0),
(4016, 'EE.UU.                        ', 'null', 0),
(4017, 'GRANADA                       ', 'null', 0),
(4018, 'GUATEMALA                     ', 'null', 0),
(4019, 'GUYANA                        ', 'null', 0),
(4020, 'GUYANA FRANCESA               ', 'null', 0),
(4021, 'HAITI                         ', 'null', 0),
(4022, 'HONDURAS                      ', 'null', 0),
(4023, 'JAMAICA                       ', 'null', 0),
(4024, 'MEXICO                        ', 'null', 0),
(4025, 'NICARAGUA                     ', 'null', 0),
(4026, 'PANAMA                        ', 'null', 0),
(4027, 'PARAGUAY                      ', 'null', 0),
(4028, 'PERU                          ', 'null', 0),
(4029, 'PUERTO RICO                   ', 'null', 0),
(4030, 'REPUBLICA DOMINICANA          ', 'null', 0),
(4031, 'SAN CRISTOBAL Y NEVIS         ', 'null', 0),
(4032, 'SAN VICENTE Y LAS GRANADINAS  ', 'null', 0),
(4033, 'SANTA LUCIA                   ', 'null', 0),
(4034, 'SURINAME                      ', 'null', 0),
(4035, 'TRINIDAD Y TOBAGO             ', 'null', 0),
(4036, 'URUGUAY                       ', 'null', 0),
(4037, 'VENEZUELA                     ', 'null', 0),
(4099, 'OTROS PAISES DE AMERICA       ', 'null', 0),
(5000, 'ASIA                          ', 'null', 0),
(5001, 'AFGANISTAN                    ', 'null', 0),
(5002, 'ARABIA SAUDITA                ', 'null', 0),
(5003, 'BAHERIN                       ', 'null', 0),
(5004, 'BANGLADESH                    ', 'null', 0),
(5005, 'BIRMANIA                      ', 'null', 0),
(5006, 'BRUNEI                        ', 'null', 0),
(5007, 'BUTAN                         ', 'null', 0),
(5008, 'CHINA                         ', 'null', 0),
(5009, 'CHIPRE                        ', 'null', 0),
(5010, 'COREA DEL SUR                 ', 'null', 0),
(5011, 'COREA DEL NORTE               ', 'null', 0),
(5012, 'EMIRATO ARABES UNIDOS         ', 'null', 0),
(5013, 'FILIPINAS                     ', 'null', 0),
(5014, 'INDIA                         ', 'null', 0),
(5015, 'INDONESIA                     ', 'null', 0),
(5016, 'IRAK                          ', 'null', 0),
(5017, 'IRAN                          ', 'null', 0),
(5018, 'ISLAS MALDIVAS                ', 'null', 0),
(5019, 'ISRAEL                        ', 'null', 0),
(5020, 'JAPON                         ', 'null', 0),
(5021, 'JORDANIA                      ', 'null', 0),
(5022, 'KAMPUCHEA                     ', 'null', 0),
(5023, 'KUWAIT                        ', 'null', 0),
(5024, 'LAOS                          ', 'null', 0),
(5025, 'LIBANO                        ', 'null', 0),
(5026, 'MALASIA                       ', 'null', 0),
(5027, 'MONGOLIA                      ', 'null', 0),
(5028, 'NEPAL                         ', 'null', 0),
(5029, 'OMAN                          ', 'null', 0),
(5030, 'PAKISTAN                      ', 'null', 0),
(5031, 'QATAR                         ', 'null', 0),
(5032, 'SINGAPUR                      ', 'null', 0),
(5033, 'SIRIA                         ', 'null', 0),
(5034, 'SRI LANKA (CEILAN)            ', 'null', 0),
(5035, 'TAILANDIA                     ', 'null', 0),
(5036, 'TAIWAN                        ', 'null', 0),
(5037, 'TURQUIA                       ', 'null', 0),
(5038, 'VIETNAM                       ', 'null', 0),
(5039, 'YEMEN DEL SUR                 ', 'null', 0),
(5040, 'YEMEN DEL NORTE               ', 'null', 0),
(5099, 'OTROS PAISES DEL ASIA         ', 'null', 0),
(6000, 'EUROPA                        ', 'null', 0),
(6001, 'ALBANIA                       ', 'null', 0),
(6002, 'ALEMANIA                      ', 'null', 0),
(6003, 'ANDORRA                       ', 'null', 0),
(6004, 'AUSTRIA                       ', 'null', 0),
(6005, 'BELGICA                       ', 'null', 0),
(6006, 'BULGARIA                      ', 'null', 0),
(6007, 'CHECOSLOVAQUIA                ', 'null', 0),
(6008, 'DINAMARCA                     ', 'null', 0),
(6009, 'ESPANA                        ', 'null', 0),
(6010, 'FINLANDIA                     ', 'null', 0),
(6011, 'FRANCIA                       ', 'null', 0),
(6012, 'GRECIA                        ', 'null', 0),
(6013, 'HUNGRIA                       ', 'null', 0),
(6014, 'IRLANDA                       ', 'null', 0),
(6015, 'ISLANDIA                      ', 'null', 0),
(6016, 'ITALIA                        ', 'null', 0),
(6017, 'LIECHTENSTEIN                 ', 'null', 0),
(6018, 'LUXEMBURGO                    ', 'null', 0),
(6019, 'MALTA                         ', 'null', 0),
(6020, 'MONACO                        ', 'null', 0),
(6021, 'NORUEGA                       ', 'null', 0),
(6022, 'PAISES BAJOS                  ', 'null', 0),
(6023, 'POLONIA                       ', 'null', 0),
(6024, 'PORTUGAL                      ', 'null', 0),
(6025, 'REINO UNIDO                   ', 'null', 0),
(6026, 'RUMANIA                       ', 'null', 0),
(6027, 'SAN MARINO                    ', 'null', 0),
(6028, 'SUECIA                        ', 'null', 0),
(6029, 'SUIZA                         ', 'null', 0),
(6030, 'URSS                          ', 'null', 0),
(6031, 'VATICANO                      ', 'null', 0),
(6032, 'YUGOSLAVIA                    ', 'null', 0),
(6033, 'ESLOVENIA                     ', 'null', 0),
(6034, 'INGLATERRA                    ', 'null', 0),
(6035, 'UCRANIA                       ', 'null', 0),
(6099, 'OTROS PAISES DE EUROPA        ', 'null', 0),
(7000, 'OCEANIA                       ', 'null', 0),
(7001, 'AUSTRALIA                     ', 'null', 0),
(7002, 'NUEVA ZELANDIA                ', 'null', 0),
(7003, 'SAMOA OCCIDENTAL              ', 'null', 0),
(7004, 'TONGA                         ', 'null', 0),
(7005, 'REPUBLICA CHECA               ', 'null', 0),
(8000, 'VIRTUAL                       ', 'null', 0);

-- --------------------------------------------------------

--
-- Estructura de tabla para la tabla `tprovincia`
--

CREATE TABLE `tprovincia` (
  `codi_depa_dpt` int NOT NULL,
  `codi_prov_tpr` int NOT NULL,
  `nomb_prov_tpr` varchar(50) NOT NULL
) ENGINE=InnoDB DEFAULT CHARSET=utf8mb3;

--
-- Volcado de datos para la tabla `tprovincia`
--

INSERT INTO `tprovincia` (`codi_depa_dpt`, `codi_prov_tpr`, `nomb_prov_tpr`) VALUES
(1, 1, 'CHACHAPOYAS                                       '),
(1, 2, 'BAGUA                                             '),
(1, 3, 'BONGARA                                           '),
(1, 4, 'LUYA                                              '),
(1, 5, 'RODRIGUEZ DE MENDOZA                              '),
(1, 6, 'CONDORCANQUI                                      '),
(1, 7, 'UTCUBAMBA                                         '),
(2, 1, 'HUARAZ                                            '),
(2, 2, 'AIJA                                              '),
(2, 3, 'BOLOGNESI                                         '),
(2, 4, 'CARHUAZ                                           '),
(2, 5, 'CORONGO                                           '),
(2, 6, 'HUARI                                             '),
(2, 7, 'CASMA                                             '),
(2, 8, 'HUAYLAS                                           '),
(2, 9, 'PALLASCA                                          '),
(2, 10, 'POMABAMBA                                         '),
(2, 11, 'RECUAY                                            '),
(2, 12, 'SANTA                                             '),
(2, 13, 'YUNGAY                                            '),
(2, 14, 'MARISCAL LUZURIAGA                                '),
(2, 15, 'SIHUAS                                            '),
(2, 16, 'ANTONIO RAYMONDI                                  '),
(2, 17, 'CARLOS FERMIN FITZCARRALD                         '),
(2, 18, 'ASUNCION                                          '),
(2, 19, 'HUARMEY                                           '),
(2, 20, 'ANCASH                                            '),
(3, 1, 'ABANCAY                                           '),
(3, 2, 'ANDAHUAYLAS                                       '),
(3, 3, 'ANTABAMBA                                         '),
(3, 4, 'AYMARAES                                          '),
(3, 5, 'GRAU                                              '),
(3, 6, 'COTABAMBAS                                        '),
(3, 7, 'CHINCHEROS                                        '),
(4, 1, 'AREQUIPA                                          '),
(4, 2, 'CAMANA                                            '),
(4, 3, 'CARAVELI                                          '),
(4, 4, 'CASTILLA                                          '),
(4, 5, 'CAYLLOMA                                          '),
(4, 6, 'CONDESUYOS                                        '),
(4, 7, 'ISLAY                                             '),
(4, 8, 'LA UNION                                          '),
(5, 1, 'HUAMANGA                                          '),
(5, 2, 'CANGALLO                                          '),
(5, 3, 'HUANTA                                            '),
(5, 4, 'LA MAR                                            '),
(5, 5, 'LUCANAS                                           '),
(5, 6, 'PARINACOCHAS                                      '),
(5, 7, 'VICTOR FAJARDO                                    '),
(5, 8, 'HUANCA SANCOS                                     '),
(5, 9, 'VILCAS HUAMAN                                     '),
(5, 10, 'PAUCAR DEL SARA SARA                              '),
(5, 11, 'SUCRE                                             '),
(6, 1, 'CAJAMARCA                                         '),
(6, 2, 'CAJABAMBA                                         '),
(6, 3, 'CELENDIN                                          '),
(6, 4, 'CONTUMAZA                                         '),
(6, 5, 'CUTERVO                                           '),
(6, 6, 'CHOTA                                             '),
(6, 7, 'HUALGAYOC                                         '),
(6, 8, 'JAEN                                              '),
(6, 9, 'SANTA CRUZ                                        '),
(6, 10, 'SAN MIGUEL                                        '),
(6, 11, 'SAN IGNACIO                                       '),
(6, 12, 'SAN PABLO                                         '),
(6, 13, 'SAN MARCOS                                        '),
(7, 0, 'CALLAO                                            '),
(8, 1, 'CUSCO                                             '),
(8, 2, 'ACOMAYO                                           '),
(8, 3, 'ANTA                                              '),
(8, 4, 'CALCA                                             '),
(8, 5, 'CANAS                                             '),
(8, 6, 'CANCHIS                                           '),
(8, 7, 'CHUMBIVILCAS                                      '),
(8, 8, 'ESPINAR                                           '),
(8, 9, 'LA CONVENCION                                     '),
(8, 10, 'PARURO                                            '),
(8, 11, 'PAUCARTAMBO                                       '),
(8, 12, 'QUISPICANCHI                                      '),
(8, 13, 'URUBAMBA                                          '),
(9, 1, 'HUANCAVELICA                                      '),
(9, 2, 'ACOBAMBA                                          '),
(9, 3, 'ANGARAES                                          '),
(9, 4, 'CASTROVIRREYNA                                    '),
(9, 5, 'TAYACAJA                                          '),
(9, 6, 'HUAYTARA                                          '),
(9, 7, 'CHURCAMPA                                         '),
(10, 1, 'HUANUCO                                           '),
(10, 2, 'AMBO                                              '),
(10, 3, 'DOS DE MAYO                                       '),
(10, 4, 'HUAMALIES                                         '),
(10, 5, 'MARANON                                           '),
(10, 6, 'PACHITEA                                          '),
(10, 7, 'LEONCIO PRADO                                     '),
(10, 8, 'PUERTO INCA                                       '),
(10, 9, 'HUACAYBAMBA                                       '),
(11, 1, 'ICA                                               '),
(11, 2, 'CHINCHA                                           '),
(11, 3, 'NAZCA                                             '),
(11, 4, 'PISCO                                             '),
(11, 5, 'PALPA                                             '),
(12, 1, 'HUANCAYO                                          '),
(12, 2, 'JAUJA                                             '),
(12, 3, 'JUNIN                                             '),
(12, 4, 'TARMA                                             '),
(12, 5, 'YAULI                                             '),
(12, 6, 'CONCEPCION                                        '),
(12, 7, 'SATIPO                                            '),
(12, 8, 'CHANCHAMAYO                                       '),
(13, 1, 'TRUJILLO                                          '),
(13, 2, 'BOLIVAR                                           '),
(13, 3, 'SANCHEZ CARRION                                   '),
(13, 4, 'OTUZCO                                            '),
(13, 5, 'PACASMAYO                                         '),
(13, 6, 'PATAZ                                             '),
(13, 7, 'SANTIAGO DE CHUCO                                 '),
(13, 8, 'ASCOPE                                            '),
(13, 9, 'CHEPEN                                            '),
(13, 10, 'HUAMACHUCO                                        '),
(14, 1, 'CHICLAYO                                          '),
(14, 2, 'LAMBAYEQUE                                        '),
(14, 3, 'FERRENAFE                                         '),
(15, 1, 'LIMA                                              '),
(15, 2, 'CAJATAMBO                                         '),
(15, 3, 'CANTA                                             '),
(15, 4, 'CANETE                                            '),
(15, 5, 'HUAURA                                            '),
(15, 6, 'HUAROCHIRI                                        '),
(15, 7, 'YAUYOS                                            '),
(15, 8, 'HUARAL                                            '),
(15, 9, 'BARRANCA                                          '),
(15, 10, 'OYON                                              '),
(15, 11, 'CALLAO                                            '),
(15, 12, 'ANCASH                                            '),
(15, 13, 'CHANCAY                                           '),
(16, 1, 'MAYNAS                                            '),
(16, 2, 'ALTO AMAZONAS                                     '),
(16, 3, 'IQUITOS                                           '),
(16, 4, 'LORETO                                            '),
(16, 5, 'REQUENA                                           '),
(16, 6, 'UCAYALI                                           '),
(16, 7, 'MARISCAL RAMON CASTILL                            '),
(17, 1, 'TAMBOPATA                                         '),
(17, 2, 'MANU                                              '),
(17, 3, 'TAHUAMANU                                         '),
(17, 4, 'PTO. MALDONADO                                    '),
(18, 1, 'MARISCAL NIETO                                    '),
(18, 2, 'GENERAL SANCHEZ CERRO                             '),
(18, 3, 'ILO                                               '),
(18, 4, 'MOQUEGUA                                          '),
(19, 1, 'PASCO                                             '),
(19, 2, 'DANIEL ALCIDES CARRION                            '),
(19, 3, 'OXAPAMPA                                          '),
(20, 1, 'PIURA                                             '),
(20, 2, 'AYABACA                                           '),
(20, 3, 'HUANCABAMBA                                       '),
(20, 4, 'MORROPON                                          '),
(20, 5, 'PAITA                                             '),
(20, 6, 'SULLANA                                           '),
(20, 7, 'TALARA                                            '),
(21, 1, 'PUNO                                              '),
(21, 2, 'AZANGARO                                          '),
(21, 3, 'CARABAYA                                          '),
(21, 4, 'CHUCUITO                                          '),
(21, 5, 'HUANCANE                                          '),
(21, 6, 'LAMPA                                             '),
(21, 7, 'MELGAR                                            '),
(21, 8, 'SANDIA                                            '),
(21, 9, 'SAN ROMAN                                         '),
(21, 10, 'YUNGUYO                                           '),
(21, 11, 'SAN ANTONIO DE PUTINA                             '),
(21, 12, 'MOHO                                              '),
(22, 1, 'MOYOBAMBA                                         '),
(22, 2, 'HUALLAGA                                          '),
(22, 3, 'LAMAS                                             '),
(22, 4, 'MARISCAL CACERES                                  '),
(22, 5, 'RIOJA                                             '),
(22, 6, 'SAN MARTIN                                        '),
(22, 7, 'BELLAVISTA                                        '),
(22, 8, 'PICOTA                                            '),
(22, 9, 'TOCACHE                                           '),
(23, 1, 'TACNA                                             '),
(23, 2, 'TARATA                                            '),
(23, 3, 'JORGE BASADRE                                     '),
(23, 4, 'CANDARAVE                                         '),
(24, 1, 'TUMBES                                            '),
(24, 2, 'CONTRALMIRANTE VILLAR                             '),
(24, 3, 'ZARUMILLA                                         '),
(25, 1, 'CORONEL PORTILLO                                  '),
(25, 2, 'PUCALLPA                                          '),
(25, 3, 'ATALAYA                                           '),
(25, 4, 'PADRE ABAD                                        '),
(25, 5, 'PURUS                                             '),
(99, 99, 'EXTRANJERO                                        '),
(2, 21, 'OCROS                                             '),
(13, 11, 'VIRU                                              ');

-- --------------------------------------------------------

--
-- Estructura de tabla para la tabla `tproyecto`
--

CREATE TABLE `tproyecto` (
  `codi_proy_tpr` int NOT NULL,
  `nomb_proy_tpr` varchar(250) NOT NULL,
  `nume_proy_tpr` varchar(50) DEFAULT NULL,
  `descr_proy_tpr` varchar(500) NOT NULL,
  `codi_pais_pais` int DEFAULT NULL,
  `codi_sede_sed` int DEFAULT NULL,
  `codi_tipo_ttp` int DEFAULT NULL,
  `codi_tfin_tfi` int DEFAULT NULL,
  `codi_tapo_tap` int DEFAULT NULL,
  `nomb_nucle_tpr` varchar(100) DEFAULT NULL,
  `mont_proy_tpr` char(15) DEFAULT NULL,
  `codi_ttem_tte` int DEFAULT NULL,
  `fech_inic_tpr` date NOT NULL,
  `fech_fin_tpr` date NOT NULL
) ENGINE=InnoDB DEFAULT CHARSET=utf8mb3;

--
-- Volcado de datos para la tabla `tproyecto`
--

INSERT INTO `tproyecto` (`codi_proy_tpr`, `nomb_proy_tpr`, `nume_proy_tpr`, `descr_proy_tpr`, `codi_pais_pais`, `codi_sede_sed`, `codi_tipo_ttp`, `codi_tfin_tfi`, `codi_tapo_tap`, `nomb_nucle_tpr`, `mont_proy_tpr`, `codi_ttem_tte`, `fech_inic_tpr`, `fech_fin_tpr`) VALUES
(15, 'Investigación y desarrollo de un Generador Automático', 'PERU-124422', 'Investigación y desarrollo de un Generador Automático', 3013, 2, 2, 2, 1, 'NUCLEAR', '5000', 1, '2023-11-01', '2023-11-16'),
(18, 'Proyectos favorecidos por la obtención de fondos concursables', 'PERU-124411222', 'Proyectos favorecidos por la obtención de fondos concursables', 3000, 1, 1, 1, 2, NULL, '3800', 5, '2023-11-01', '2023-11-02'),
(19, 'Evaluación del Potencial de Recursos Hídricos', 'PERU-124422', 'Evaluación del Potencial de Recursos Hídricos', 4002, NULL, 3, 2, 2, NULL, '8500', 2, '2023-12-14', '2023-12-28'),
(20, 'procesamiento de radioisótopo', 'PERU-124411', 'procesamiento de radioisótopo', 4028, NULL, 3, 1, 3, NULL, '8700', 0, '2023-12-12', '2023-12-27'),
(21, 'procesamiento de Tecnecio', 'PERU-8888', 'ESTUDIO DE CARACTERISTICAS', 3013, NULL, 2, 1, 2, NULL, '11000', 0, '2023-12-12', '2023-12-27'),
(22, 'RACSO 2', 'PERU-123456', 'ESTUDIO DE CARACTERISTICAS', 3006, NULL, 2, 1, 2, NULL, '3500.00', 0, '2023-12-21', '2023-12-28'),
(23, 'PRUEBA RACSO', 'PERU-12441111', 'ESTUDIO DE CARACTERISTICAS', 3001, NULL, 1, 1, 1, NULL, '3500.00', 0, '2023-12-20', '2023-12-28'),
(24, 'RACSO3', 'PERU-1244555', 'ESTUDIO DE CARACTERISTICAS', 3000, NULL, 2, 2, 2, 'RADIACION', '8500', 2, '2023-12-20', '2023-12-28');

-- --------------------------------------------------------

--
-- Estructura de tabla para la tabla `tsede`
--

CREATE TABLE `tsede` (
  `codi_sede_sed` int NOT NULL,
  `nomb_sede_sed` varchar(250) NOT NULL
) ENGINE=InnoDB DEFAULT CHARSET=utf8mb3;

--
-- Volcado de datos para la tabla `tsede`
--

INSERT INTO `tsede` (`codi_sede_sed`, `nomb_sede_sed`) VALUES
(1, 'SEDE SAN BORJA'),
(2, 'SEDE OTAN'),
(3, 'SEDE HUARANGAL'),
(4, 'SEDE CORPAC');

-- --------------------------------------------------------

--
-- Estructura de tabla para la tabla `tsolicitudbv`
--

CREATE TABLE `tsolicitudbv` (
  `codi_bevi_tso` int NOT NULL,
  `nomb_bevi_tso` varchar(50) NOT NULL
) ENGINE=InnoDB DEFAULT CHARSET=utf8mb3;

--
-- Volcado de datos para la tabla `tsolicitudbv`
--

INSERT INTO `tsolicitudbv` (`codi_bevi_tso`, `nomb_bevi_tso`) VALUES
(1, 'UNA BECA'),
(2, 'UNA VISITA CIENTIFICA');

-- --------------------------------------------------------

--
-- Estructura de tabla para la tabla `ttematica`
--

CREATE TABLE `ttematica` (
  `codi_ttem_tte` int NOT NULL,
  `nomb_ttem_tte` varchar(50) DEFAULT NULL
) ENGINE=InnoDB DEFAULT CHARSET=utf8mb3;

--
-- Volcado de datos para la tabla `ttematica`
--

INSERT INTO `ttematica` (`codi_ttem_tte`, `nomb_ttem_tte`) VALUES
(1, 'SALUD HUMANA'),
(2, 'AGRICULTURA Y SEGURIDAD ALIMENTARIA'),
(3, 'MEDIO AMBIENTE'),
(4, 'TECNOLOGIA CON RADIACIONES'),
(5, 'ENERGIA'),
(6, 'SEGURIDAD RADIOLOGICA');

-- --------------------------------------------------------

--
-- Estructura de tabla para la tabla `ttipoevento`
--

CREATE TABLE `ttipoevento` (
  `codi_part_eve` int NOT NULL,
  `nomb_part_eve` varchar(50) NOT NULL
) ENGINE=InnoDB DEFAULT CHARSET=utf8mb3;

--
-- Volcado de datos para la tabla `ttipoevento`
--

INSERT INTO `ttipoevento` (`codi_part_eve`, `nomb_part_eve`) VALUES
(1, 'CURSO'),
(2, 'TALLER'),
(3, 'ENTRENAMIENTO ESPECIFICO'),
(4, 'VISITA CIENTIFICA'),
(5, 'CONSULTORIA'),
(6, 'OTROS'),
(7, 'CONFERENCIA'),
(8, 'TALLER DE CAPACITACION'),
(9, 'SEMINARIO'),
(11, 'CAPACITACION'),
(12, 'REUNION'),
(13, 'REUNION REGIONAL'),
(14, 'CURSO DE ENTRENAMIENTO'),
(15, 'BECA'),
(16, 'CONGRESO'),
(17, 'FOTO');

-- --------------------------------------------------------

--
-- Estructura de tabla para la tabla `ttipoproyecto`
--

CREATE TABLE `ttipoproyecto` (
  `codi_tipo_ttp` int DEFAULT NULL,
  `nomb_tipo_ttp` varchar(20) DEFAULT NULL
) ENGINE=InnoDB DEFAULT CHARSET=utf8mb3;

--
-- Volcado de datos para la tabla `ttipoproyecto`
--

INSERT INTO `ttipoproyecto` (`codi_tipo_ttp`, `nomb_tipo_ttp`) VALUES
(1, 'NACIONAL'),
(2, 'REGIONAL'),
(3, 'INTERREGIONAL');

--
-- Índices para tablas volcadas
--

--
-- Indices de la tabla `tbecario`
--
ALTER TABLE `tbecario`
  ADD PRIMARY KEY (`codi_beca_tbe`),
  ADD KEY `codi_beca_tbe` (`codi_beca_tbe`);

--
-- Indices de la tabla `tbecas`
--
ALTER TABLE `tbecas`
  ADD UNIQUE KEY `codi_beca_tbs` (`codi_tbec_tbe`);

--
-- Indices de la tabla `tcandidatura`
--
ALTER TABLE `tcandidatura`
  ADD PRIMARY KEY (`codi_tcan_tca`);

--
-- Indices de la tabla `tciudades`
--
ALTER TABLE `tciudades`
  ADD UNIQUE KEY `codi_tciu_tci` (`codi_tciu_tci`);

--
-- Indices de la tabla `tcontratos`
--
ALTER TABLE `tcontratos`
  ADD PRIMARY KEY (`codi_cont_tco`);

--
-- Indices de la tabla `tcurso`
--
ALTER TABLE `tcurso`
  ADD UNIQUE KEY `codi_curs_tcu` (`codi_curs_tcu`);

--
-- Indices de la tabla `tdepartamento`
--
ALTER TABLE `tdepartamento`
  ADD UNIQUE KEY `codi_depa_dpt` (`codi_depa_dpt`);

--
-- Indices de la tabla `tdocumento`
--
ALTER TABLE `tdocumento`
  ADD UNIQUE KEY `codi_docu_doc` (`codi_docu_doc`);

--
-- Indices de la tabla `tdonaciones`
--
ALTER TABLE `tdonaciones`
  ADD UNIQUE KEY `codi_tdon_tdo` (`codi_tdon_tdo`);

--
-- Indices de la tabla `tevento`
--
ALTER TABLE `tevento`
  ADD PRIMARY KEY (`codi_even_eve`);

--
-- Indices de la tabla `tinstitucion`
--
ALTER TABLE `tinstitucion`
  ADD UNIQUE KEY `codi_inst_int` (`codi_inst_int`);

--
-- Indices de la tabla `tnacionalidad`
--
ALTER TABLE `tnacionalidad`
  ADD UNIQUE KEY `codi_naci_tna` (`codi_naci_tna`);

--
-- Indices de la tabla `tpais`
--
ALTER TABLE `tpais`
  ADD UNIQUE KEY `codi_pais_pais` (`codi_pais_pais`);

--
-- Indices de la tabla `tproyecto`
--
ALTER TABLE `tproyecto`
  ADD PRIMARY KEY (`codi_proy_tpr`);

--
-- Indices de la tabla `tsede`
--
ALTER TABLE `tsede`
  ADD UNIQUE KEY `cod_sede_sed` (`codi_sede_sed`);

--
-- Indices de la tabla `tsolicitudbv`
--
ALTER TABLE `tsolicitudbv`
  ADD UNIQUE KEY `codi_bevi_tso` (`codi_bevi_tso`);

--
-- Indices de la tabla `ttematica`
--
ALTER TABLE `ttematica`
  ADD PRIMARY KEY (`codi_ttem_tte`);

--
-- Indices de la tabla `ttipoevento`
--
ALTER TABLE `ttipoevento`
  ADD PRIMARY KEY (`codi_part_eve`);

--
-- AUTO_INCREMENT de las tablas volcadas
--

--
-- AUTO_INCREMENT de la tabla `tbecario`
--
ALTER TABLE `tbecario`
  MODIFY `codi_beca_tbe` int NOT NULL AUTO_INCREMENT, AUTO_INCREMENT=18;

--
-- AUTO_INCREMENT de la tabla `tbecas`
--
ALTER TABLE `tbecas`
  MODIFY `codi_tbec_tbe` int NOT NULL AUTO_INCREMENT, AUTO_INCREMENT=6;

--
-- AUTO_INCREMENT de la tabla `tevento`
--
ALTER TABLE `tevento`
  MODIFY `codi_even_eve` int NOT NULL AUTO_INCREMENT, AUTO_INCREMENT=6;

--
-- AUTO_INCREMENT de la tabla `tproyecto`
--
ALTER TABLE `tproyecto`
  MODIFY `codi_proy_tpr` int NOT NULL AUTO_INCREMENT, AUTO_INCREMENT=25;
COMMIT;

/*!40101 SET CHARACTER_SET_CLIENT=@OLD_CHARACTER_SET_CLIENT */;
/*!40101 SET CHARACTER_SET_RESULTS=@OLD_CHARACTER_SET_RESULTS */;
/*!40101 SET COLLATION_CONNECTION=@OLD_COLLATION_CONNECTION */;
